Run Name,"test2025",
Run Id,"1",
Run Date,"28/05/2026 15:40",
Run by,"some-user",
Financial Year,"2025-26",
RPD File - ORG,"28/05/2026 16:40",,RPD File - POM,"28/05/2026 16:40",
LAPCAP File,"",,"28/05/2026 15:40",,"",
Parameters File,"",,"28/05/2026 15:40",,"",


"LAPCAP Data",
"Material","England LA Disposal Cost","Wales LA Disposal Cost","Scotland LA Disposal Cost","Northern Ireland LA Disposal Cost","1 LA Disposal Cost Total",
"Aluminium","£5000.00","£1750.00","£2000.00","£1250.00","£10000.00",
"Fibre composite","£7500.00","£2100.00","£3400.00","£1750.00","£14750.00",
"Glass","£45000.00","£0.00","£20700.00","£4500.00","£70200.00",
"Paper or card","£12500.00","£2300.00","£4500.00","£3400.00","£22700.00",
"Plastic","£23000.00","£4500.00","£6700.00","£2100.00","£36300.00",
"Steel","£13400.00","£0.00","£7800.00","£0.00","£21200.00",
"Wood","£0.00","£12000.00","£0.00","£5600.00","£17600.00",
"Other materials","£3400.00","£2100.00","£4200.00","£700.00","£10400.00",
"Total","£109800.00","£24750.00","£49300.00","£19300.00","£203150.00",
"1 Country Apportionment %s","54.04873246%","12.18311592%","24.26778243%","9.50036919%","100.00000000%",


"Parameters - Late Reporting Tonnages",
"Material","Late Reporting Tonnage","Red + Red Medical Late Reporting Tonnage","Amber + Amber Medical Late Reporting Tonnage","Green + Green Medical Late Reporting Tonnage",
"Aluminium","2188324.000","496108.000","696108.000","996108.000",
"Fibre composite","21514717.000","5838239.000","3838239.000","11838239.000",
"Glass","13163573.900","3121191.200","9121191.500","921191.200",
"Other materials","12337487.500","45829.500","2645829.000","9645829.000",
"Paper or card","1716973.140","738991.070","38991.000","938991.070",
"Plastic","7429515.360","76505.120","6376505.120","976505.120",
"Steel","1679604.300","589868.100","99868.100","989868.100",
"Wood","2165050.700","1055016.900","155016.900","955016.900",
"Total","62195245.900","11961748.890","22971748.620","27261748.390",


"Parameters - Other",
,"England","Wales","Scotland","Northern Ireland","Total",
"3 SA Operating Costs","£22579320.00","£1360200.00","£2176320.00","£1088160.00","£27204000.00",

"4 LA Data Prep Charge","£0.00","£0.00","£0.00","£0.00","£0.00",
"4 Country Apportionment %s","0.00000000%","0.00000000%","0.00000000%","0.00000000%","100.00000000%",

"5 Scheme set up cost Yearly Cost","£22580000.00","£1360000.00","£2176000.00","£1088000.00","£27204000.00",

"6 Bad Debt Provision","4.00%",

"7 Materiality","Amount £s","%",
"Increase","£999999999.99","15.00%",
"Decrease","-£999999999.99","-15.00%",
"8 Tonnage Change","Amount £s","%",
"Increase","£999999999.99","999.99%",
"Decrease","-£999999999.99","-999.99%",


"1 + 4 Apportionment %s",
,"England","Wales","Scotland","Northern Ireland","Total",
"1 Fee for LA Disposal Costs","£109800.00","£24750.00","£49300.00","£19300.00","£203150.00",
"4 LA Data Prep Charge","£0.00","£0.00","£0.00","£0.00","£0.00",
"Total of 1 + 4","£109800.00","£24750.00","£49300.00","£19300.00","£203150.00",
"1 + 4 Apportionment %s","54.04873246%","12.18311592%","24.26778243%","9.50036919%","100.00000000%",


"Parameters - Comms Costs",
,"England","Wales","Scotland","Northern Ireland","Total",
"1 + 4 Apportionment %s","54.04873246%","12.18311592%","24.26778243%","9.50036919%","100.00000000%",

"2a Comms Costs - by Material","England","Wales","Scotland","Northern Ireland","Total","Producer Household Packaging Tonnage","Public Bin Tonnage","Household Drinks Containers Tonnage","Late Reporting Tonnage","Producer Household Tonnage + Late Reporting Tonnage + Public Bin Tonnage + Household Drinks Containers Tonnage","Comms Cost - by Material Price Per Tonne",
"Aluminium","£1551.20","£349.66","£696.49","£272.66","£2870.00","9464.273","0.000",,"2188324.000","2197788.273","£0.0013",
"Fibre composite","£4107.70","£925.92","£1844.35","£722.03","£7600.00","0.000","0.000",,"21514717.000","21514717.000","£0.0004",
"Glass","£2594.34","£584.79","£1164.85","£456.02","£4800.00","0.000","0.000","0.000","13163573.900","13163573.900","£0.0004",
"Paper or card","£5561.61","£1253.64","£2497.15","£977.59","£10290.00","0.000","0.000",,"1716973.140","1716973.140","£0.0060",
"Plastic","£4864.39","£1096.48","£2184.10","£855.03","£9000.00","0.000","0.000",,"7429515.360","7429515.360","£0.0012",
"Steel","£5134.63","£1157.40","£2305.44","£902.54","£9500.00","0.000","0.000",,"1679604.300","1679604.300","£0.0057",
"Wood","£648.58","£146.20","£291.21","£114.00","£1200.00","0.000","0.000",,"2165050.700","2165050.700","£0.0006",
"Other materials","£4486.04","£1011.20","£2014.23","£788.53","£8300.00","0.000","0.000",,"12337487.500","12337487.500","£0.0007",
"Total","£28948.50","£6525.28","£12997.82","£5088.40","£53560.00","9464.273","0.000","0.000","62195245.900","62204710.173",,

,"England","Wales","Scotland","Northern Ireland","Total",
"2b Comms Costs - UK wide","£24893.02","£5611.13","£11176.92","£4375.55","£46056.63",
"2c Comms Costs - by Country","£46056.63","£6723.97","£553.46","£225.94","£53560.00",


"LA Disposal Cost Data",
"Material","England","Wales","Scotland","Northern Ireland","Total","Producer Household Packaging Tonnage","Public Bin Tonnage","Household Drinks Containers Tonnage","Late Reporting Tonnage","Producer Household Tonnage + Late Reporting Tonnage + Public Bin Tonnage + Household Drinks Containers Tonnage","Disposal Cost Price Per Tonne",
"Aluminium","£5000.00","£1750.00","£2000.00","£1250.00","£10000.00","9464.273","0.000",,"2188324.000","2197788.273","£0.0046",
"Fibre composite","£7500.00","£2100.00","£3400.00","£1750.00","£14750.00","0.000","0.000",,"21514717.000","21514717.000","£0.0007",
"Glass","£45000.00","£0.00","£20700.00","£4500.00","£70200.00","0.000","0.000","0.000","13163573.900","13163573.900","£0.0053",
"Paper or card","£12500.00","£2300.00","£4500.00","£3400.00","£22700.00","0.000","0.000",,"1716973.140","1716973.140","£0.0132",
"Plastic","£23000.00","£4500.00","£6700.00","£2100.00","£36300.00","0.000","0.000",,"7429515.360","7429515.360","£0.0049",
"Steel","£13400.00","£0.00","£7800.00","£0.00","£21200.00","0.000","0.000",,"1679604.300","1679604.300","£0.0126",
"Wood","£0.00","£12000.00","£0.00","£5600.00","£17600.00","0.000","0.000",,"2165050.700","2165050.700","£0.0081",
"Other materials","£3400.00","£2100.00","£4200.00","£700.00","£10400.00","0.000","0.000",,"12337487.500","12337487.500","£0.0008",
"Total","£109800.00","£24750.00","£49300.00","£19300.00","£203150.00","9464.273","0.000","0.000","62195245.900","62204710.173",


"Cancelled Producers",
,,,"Last Tonnage",,,,,,,,"Latest Invoice",
"Producer ID","Producer Name","Trading Name","Aluminium","Fibre composite","Glass","Paper or Card","Plastic","Steel","Wood","Other materials","Current Year Invoiced Total To Date","Run Number","Run Name","Billing Instruction ID",


"Scaled-up Producers",

"Each submission for the year",,,,,,,,,"Aluminium Breakdown",,,,,,,,,,"Fibre composite Breakdown",,,,,,,,,,"Glass Breakdown",,,,,,,,,,,,"Paper or card Breakdown",,,,,,,,,,"Plastic Breakdown",,,,,,,,,,"Steel Breakdown",,,,,,,,,,"Wood Breakdown",,,,,,,,,,"Other materials Breakdown"
"Producer ID","Subsidiary ID","Producer / Subsidiary Name","Trading Name","Level","Submission period code","Days in submission period","Days in whole period","Scale-up factor","Household Packaging Tonnage","Public Bin Tonnage","Total Tonnage","Self Managed Consumer Waste Tonnage","Net Tonnage","Scaled-up Household Packaging Tonnage","Scaled-up Public Bin Tonnage","Scaled-up Total Tonnage","Scaled-up Self Managed Consumer Waste Tonnage","Scaled-up Net Tonnage","Household Packaging Tonnage","Public Bin Tonnage","Total Tonnage","Self Managed Consumer Waste Tonnage","Net Tonnage","Scaled-up Household Packaging Tonnage","Scaled-up Public Bin Tonnage","Scaled-up Total Tonnage","Scaled-up Self Managed Consumer Waste Tonnage","Scaled-up Net Tonnage","Household Packaging Tonnage","Public Bin Tonnage","Household Drinks Containers Tonnage - Glass","Total Tonnage","Self Managed Consumer Waste Tonnage","Net Tonnage","Scaled-up Household Packaging Tonnage","Scaled-up Public Bin Tonnage","Scaled-up Household Drinks Containers Tonnage - Glass","Scaled-up Total Tonnage","Scaled-up Self Managed Consumer Waste Tonnage","Scaled-up Net Tonnage","Household Packaging Tonnage","Public Bin Tonnage","Total Tonnage","Self Managed Consumer Waste Tonnage","Net Tonnage","Scaled-up Household Packaging Tonnage","Scaled-up Public Bin Tonnage","Scaled-up Total Tonnage","Scaled-up Self Managed Consumer Waste Tonnage","Scaled-up Net Tonnage","Household Packaging Tonnage","Public Bin Tonnage","Total Tonnage","Self Managed Consumer Waste Tonnage","Net Tonnage","Scaled-up Household Packaging Tonnage","Scaled-up Public Bin Tonnage","Scaled-up Total Tonnage","Scaled-up Self Managed Consumer Waste Tonnage","Scaled-up Net Tonnage","Household Packaging Tonnage","Public Bin Tonnage","Total Tonnage","Self Managed Consumer Waste Tonnage","Net Tonnage","Scaled-up Household Packaging Tonnage","Scaled-up Public Bin Tonnage","Scaled-up Total Tonnage","Scaled-up Self Managed Consumer Waste Tonnage","Scaled-up Net Tonnage","Household Packaging Tonnage","Public Bin Tonnage","Total Tonnage","Self Managed Consumer Waste Tonnage","Net Tonnage","Scaled-up Household Packaging Tonnage","Scaled-up Public Bin Tonnage","Scaled-up Total Tonnage","Scaled-up Self Managed Consumer Waste Tonnage","Scaled-up Net Tonnage","Household Packaging Tonnage","Public Bin Tonnage","Total Tonnage","Self Managed Consumer Waste Tonnage","Net Tonnage","Scaled-up Household Packaging Tonnage","Scaled-up Public Bin Tonnage","Scaled-up Total Tonnage","Scaled-up Self Managed Consumer Waste Tonnage","Scaled-up Net Tonnage",
"100001","100001","All Periods L1 Comismatch","","2","2024-P1","182","182","1.000000000000","100.099","0.000","100.099","0.000","100.099","100.099","0.000","100.099","0.000","100.099","0.000","0.000","0.000","0.000","0.000","0.000","0.000","0.000","0.000","0.000","0.000","0.000","0.000","0.000","0.000","0.000","0.000","0.000","0.000","0.000","0.000","0.000","0.000","0.000","0.000","0.000","0.000","0.000","0.000","0.000","0.000","0.000","0.000","0.000","0.000","0.000","0.000","0.000","0.000","0.000","0.000","0.000","0.000","0.000","0.000","0.000","0.000","0.000","0.000","0.000","0.000","0.000","0.000","0.000","0.000","0.000","0.000","0.000","0.000","0.000","0.000","0.000","0.000","0.000","0.000","0.000","0.000","0.000","0.000","0.000","0.000","0.000",
"100001","100001","All Periods L1 Comismatch","","2","2024-P2","91","182","2.000000000000","200.099","0.000","200.099","0.000","200.099","400.198","0.000","400.198","0.000","400.198","0.000","0.000","0.000","0.000","0.000","0.000","0.000","0.000","0.000","0.000","0.000","0.000","0.000","0.000","0.000","0.000","0.000","0.000","0.000","0.000","0.000","0.000","0.000","0.000","0.000","0.000","0.000","0.000","0.000","0.000","0.000","0.000","0.000","0.000","0.000","0.000","0.000","0.000","0.000","0.000","0.000","0.000","0.000","0.000","0.000","0.000","0.000","0.000","0.000","0.000","0.000","0.000","0.000","0.000","0.000","0.000","0.000","0.000","0.000","0.000","0.000","0.000","0.000","0.000","0.000","0.000","0.000","0.000","0.000","0.000","0.000","0.000",
"100001","100001","All Periods L1 Comismatch","","2","2024-P3","61","182","2.983606557377","300.099","0.000","300.099","0.000","300.099","895.377","0.000","895.377","0.000","895.377","0.000","0.000","0.000","0.000","0.000","0.000","0.000","0.000","0.000","0.000","0.000","0.000","0.000","0.000","0.000","0.000","0.000","0.000","0.000","0.000","0.000","0.000","0.000","0.000","0.000","0.000","0.000","0.000","0.000","0.000","0.000","0.000","0.000","0.000","0.000","0.000","0.000","0.000","0.000","0.000","0.000","0.000","0.000","0.000","0.000","0.000","0.000","0.000","0.000","0.000","0.000","0.000","0.000","0.000","0.000","0.000","0.000","0.000","0.000","0.000","0.000","0.000","0.000","0.000","0.000","0.000","0.000","0.000","0.000","0.000","0.000","0.000",
"100001","100001","All Periods L1 Comismatch","","2","2024-P4","184","184","1.000000000000","400.099","0.000","400.099","0.000","400.099","400.099","0.000","400.099","0.000","400.099","0.000","0.000","0.000","0.000","0.000","0.000","0.000","0.000","0.000","0.000","0.000","0.000","0.000","0.000","0.000","0.000","0.000","0.000","0.000","0.000","0.000","0.000","0.000","0.000","0.000","0.000","0.000","0.000","0.000","0.000","0.000","0.000","0.000","0.000","0.000","0.000","0.000","0.000","0.000","0.000","0.000","0.000","0.000","0.000","0.000","0.000","0.000","0.000","0.000","0.000","0.000","0.000","0.000","0.000","0.000","0.000","0.000","0.000","0.000","0.000","0.000","0.000","0.000","0.000","0.000","0.000","0.000","0.000","0.000","0.000","0.000","0.000",
"100001","100002","All Periods L2 Comismatch","","2","2024-P1","182","182","1.000000000000","500.099","0.000","500.099","0.000","500.099","500.099","0.000","500.099","0.000","500.099","0.000","0.000","0.000","0.000","0.000","0.000","0.000","0.000","0.000","0.000","0.000","0.000","0.000","0.000","0.000","0.000","0.000","0.000","0.000","0.000","0.000","0.000","0.000","0.000","0.000","0.000","0.000","0.000","0.000","0.000","0.000","0.000","0.000","0.000","0.000","0.000","0.000","0.000","0.000","0.000","0.000","0.000","0.000","0.000","0.000","0.000","0.000","0.000","0.000","0.000","0.000","0.000","0.000","0.000","0.000","0.000","0.000","0.000","0.000","0.000","0.000","0.000","0.000","0.000","0.000","0.000","0.000","0.000","0.000","0.000","0.000","0.000",
"100001","100002","All Periods L2 Comismatch","","2","2024-P2","91","182","2.000000000000","600.099","0.000","600.099","0.000","600.099","1200.198","0.000","1200.198","0.000","1200.198","0.000","0.000","0.000","0.000","0.000","0.000","0.000","0.000","0.000","0.000","0.000","0.000","0.000","0.000","0.000","0.000","0.000","0.000","0.000","0.000","0.000","0.000","0.000","0.000","0.000","0.000","0.000","0.000","0.000","0.000","0.000","0.000","0.000","0.000","0.000","0.000","0.000","0.000","0.000","0.000","0.000","0.000","0.000","0.000","0.000","0.000","0.000","0.000","0.000","0.000","0.000","0.000","0.000","0.000","0.000","0.000","0.000","0.000","0.000","0.000","0.000","0.000","0.000","0.000","0.000","0.000","0.000","0.000","0.000","0.000","0.000","0.000",
"100001","100002","All Periods L2 Comismatch","","2","2024-P3","61","182","2.983606557377","700.099","0.000","700.099","0.000","700.099","2088.820","0.000","2088.820","0.000","2088.820","0.000","0.000","0.000","0.000","0.000","0.000","0.000","0.000","0.000","0.000","0.000","0.000","0.000","0.000","0.000","0.000","0.000","0.000","0.000","0.000","0.000","0.000","0.000","0.000","0.000","0.000","0.000","0.000","0.000","0.000","0.000","0.000","0.000","0.000","0.000","0.000","0.000","0.000","0.000","0.000","0.000","0.000","0.000","0.000","0.000","0.000","0.000","0.000","0.000","0.000","0.000","0.000","0.000","0.000","0.000","0.000","0.000","0.000","0.000","0.000","0.000","0.000","0.000","0.000","0.000","0.000","0.000","0.000","0.000","0.000","0.000","0.000",
"100001","100002","All Periods L2 Comismatch","","2","2024-P4","184","184","1.000000000000","800.099","0.000","800.099","0.000","800.099","800.099","0.000","800.099","0.000","800.099","0.000","0.000","0.000","0.000","0.000","0.000","0.000","0.000","0.000","0.000","0.000","0.000","0.000","0.000","0.000","0.000","0.000","0.000","0.000","0.000","0.000","0.000","0.000","0.000","0.000","0.000","0.000","0.000","0.000","0.000","0.000","0.000","0.000","0.000","0.000","0.000","0.000","0.000","0.000","0.000","0.000","0.000","0.000","0.000","0.000","0.000","0.000","0.000","0.000","0.000","0.000","0.000","0.000","0.000","0.000","0.000","0.000","0.000","0.000","0.000","0.000","0.000","0.000","0.000","0.000","0.000","0.000","0.000","0.000","0.000","0.000","0.000",
"100004","100004","P2 only L1 Comismatch","","2","2024-P2","91","182","2.000000000000","100.099","0.000","100.099","0.000","100.099","200.198","0.000","200.198","0.000","200.198","0.000","0.000","0.000","0.000","0.000","0.000","0.000","0.000","0.000","0.000","0.000","0.000","0.000","0.000","0.000","0.000","0.000","0.000","0.000","0.000","0.000","0.000","0.000","0.000","0.000","0.000","0.000","0.000","0.000","0.000","0.000","0.000","0.000","0.000","0.000","0.000","0.000","0.000","0.000","0.000","0.000","0.000","0.000","0.000","0.000","0.000","0.000","0.000","0.000","0.000","0.000","0.000","0.000","0.000","0.000","0.000","0.000","0.000","0.000","0.000","0.000","0.000","0.000","0.000","0.000","0.000","0.000","0.000","0.000","0.000","0.000","0.000",
"100004","100005","P2 only L2 Comismatch","","2","2024-P2","91","182","2.000000000000","200.099","0.000","200.099","0.000","200.099","400.198","0.000","400.198","0.000","400.198","0.000","0.000","0.000","0.000","0.000","0.000","0.000","0.000","0.000","0.000","0.000","0.000","0.000","0.000","0.000","0.000","0.000","0.000","0.000","0.000","0.000","0.000","0.000","0.000","0.000","0.000","0.000","0.000","0.000","0.000","0.000","0.000","0.000","0.000","0.000","0.000","0.000","0.000","0.000","0.000","0.000","0.000","0.000","0.000","0.000","0.000","0.000","0.000","0.000","0.000","0.000","0.000","0.000","0.000","0.000","0.000","0.000","0.000","0.000","0.000","0.000","0.000","0.000","0.000","0.000","0.000","0.000","0.000","0.000","0.000","0.000","0.000",
"100006","100006","P3 only L1 Comismatch","","2","2024-P3","61","182","2.983606557377","100.099","0.000","100.099","0.000","100.099","298.656","0.000","298.656","0.000","298.656","0.000","0.000","0.000","0.000","0.000","0.000","0.000","0.000","0.000","0.000","0.000","0.000","0.000","0.000","0.000","0.000","0.000","0.000","0.000","0.000","0.000","0.000","0.000","0.000","0.000","0.000","0.000","0.000","0.000","0.000","0.000","0.000","0.000","0.000","0.000","0.000","0.000","0.000","0.000","0.000","0.000","0.000","0.000","0.000","0.000","0.000","0.000","0.000","0.000","0.000","0.000","0.000","0.000","0.000","0.000","0.000","0.000","0.000","0.000","0.000","0.000","0.000","0.000","0.000","0.000","0.000","0.000","0.000","0.000","0.000","0.000","0.000",
"100006","100007","P3 only L2 Comismatch","","2","2024-P3","61","182","2.983606557377","200.099","0.000","200.099","0.000","200.099","597.017","0.000","597.017","0.000","597.017","0.000","0.000","0.000","0.000","0.000","0.000","0.000","0.000","0.000","0.000","0.000","0.000","0.000","0.000","0.000","0.000","0.000","0.000","0.000","0.000","0.000","0.000","0.000","0.000","0.000","0.000","0.000","0.000","0.000","0.000","0.000","0.000","0.000","0.000","0.000","0.000","0.000","0.000","0.000","0.000","0.000","0.000","0.000","0.000","0.000","0.000","0.000","0.000","0.000","0.000","0.000","0.000","0.000","0.000","0.000","0.000","0.000","0.000","0.000","0.000","0.000","0.000","0.000","0.000","0.000","0.000","0.000","0.000","0.000","0.000","0.000","0.000",
,,,,,,,,"Totals","4201.188","0.000","4201.188","0.000","4201.188","7881.058","0.000","7881.058","0.000","7881.058","0.000","0.000","0.000","0.000","0.000","0.000","0.000","0.000","0.000","0.000","0.000","0.000","0.000","0.000","0.000","0.000","0.000","0.000","0.000","0.000","0.000","0.000","0.000","0.000","0.000","0.000","0.000","0.000","0.000","0.000","0.000","0.000","0.000","0.000","0.000","0.000","0.000","0.000","0.000","0.000","0.000","0.000","0.000","0.000","0.000","0.000","0.000","0.000","0.000","0.000","0.000","0.000","0.000","0.000","0.000","0.000","0.000","0.000","0.000","0.000","0.000","0.000","0.000","0.000","0.000","0.000","0.000","0.000","0.000","0.000","0.000","0.000",


"Partial Obligation Calculation",

,,,,,,,,,,"Aluminium Breakdown",,,,,,,,"Fibre composite Breakdown",,,,,,,,"Glass Breakdown",,,,,,,,,,"Paper or card Breakdown",,,,,,,,"Plastic Breakdown",,,,,,,,"Steel Breakdown",,,,,,,,"Wood Breakdown",,,,,,,,"Other materials Breakdown"
"Producer ID","Subsidiary ID","Producer / Subsidiary Name","Trading Name","Level","Submission year","Days in submission year","Joining date","Obligated days","Obligated %","Household Packaging Tonnage","Public Bin Tonnage","Total Tonnage","Self Managed Consumer Waste Tonnage","Partial Household Packaging Tonnage","Partial Public Bin Tonnage","Partial Total Tonnage","Partial Self Managed Consumer Waste Tonnage","Household Packaging Tonnage","Public Bin Tonnage","Total Tonnage","Self Managed Consumer Waste Tonnage","Partial Household Packaging Tonnage","Partial Public Bin Tonnage","Partial Total Tonnage","Partial Self Managed Consumer Waste Tonnage","Household Packaging Tonnage","Public Bin Tonnage","Household Drinks Containers Tonnage","Total Tonnage","Self Managed Consumer Waste Tonnage","Partial Household Packaging Tonnage","Partial Public Bin Tonnage","Partial Household Drinks Containers Tonnage","Partial Total Tonnage","Partial Self Managed Consumer Waste Tonnage","Household Packaging Tonnage","Public Bin Tonnage","Total Tonnage","Self Managed Consumer Waste Tonnage","Partial Household Packaging Tonnage","Partial Public Bin Tonnage","Partial Total Tonnage","Partial Self Managed Consumer Waste Tonnage","Household Packaging Tonnage","Public Bin Tonnage","Total Tonnage","Self Managed Consumer Waste Tonnage","Partial Household Packaging Tonnage","Partial Public Bin Tonnage","Partial Total Tonnage","Partial Self Managed Consumer Waste Tonnage","Household Packaging Tonnage","Public Bin Tonnage","Total Tonnage","Self Managed Consumer Waste Tonnage","Partial Household Packaging Tonnage","Partial Public Bin Tonnage","Partial Total Tonnage","Partial Self Managed Consumer Waste Tonnage","Household Packaging Tonnage","Public Bin Tonnage","Total Tonnage","Self Managed Consumer Waste Tonnage","Partial Household Packaging Tonnage","Partial Public Bin Tonnage","Partial Total Tonnage","Partial Self Managed Consumer Waste Tonnage","Household Packaging Tonnage","Public Bin Tonnage","Total Tonnage","Self Managed Consumer Waste Tonnage","Partial Household Packaging Tonnage","Partial Public Bin Tonnage","Partial Total Tonnage","Partial Self Managed Consumer Waste Tonnage",
"200001","200002","Partial P1 L2 Ltd","","2","2025","365","22-05-2025","233","63.84%","10.923","0.000","10.923","0.000","6.973","0.000","6.973","0.000","0.000","0.000","0.000","0.000","0.000","0.000","0.000","0.000","0.000","0.000","0.000","0.000","0.000","0.000","0.000","0.000","0.000","0.000","0.000","0.000","0.000","0.000","0.000","0.000","0.000","0.000","0.000","0.000","0.000","0.000","0.000","0.000","0.000","0.000","0.000","0.000","0.000","0.000","0.000","0.000","0.000","0.000","0.000","0.000","0.000","0.000","0.000","0.000","0.000","0.000","0.000","0.000","0.000","0.000","0.000","0.000","0.000","0.000",
"200003",,"Partial H1 P1 Ltd","","1","2025","365","01-04-2025","150","41.10%","238.214","0.000","238.214","0.000","97.896","0.000","97.896","0.000","0.000","0.000","0.000","0.000","0.000","0.000","0.000","0.000","0.000","0.000","0.000","0.000","0.000","0.000","0.000","0.000","0.000","0.000","0.000","0.000","0.000","0.000","0.000","0.000","0.000","0.000","0.000","0.000","0.000","0.000","0.000","0.000","0.000","0.000","0.000","0.000","0.000","0.000","0.000","0.000","0.000","0.000","0.000","0.000","0.000","0.000","0.000","0.000","0.000","0.000","0.000","0.000","0.000","0.000","0.000","0.000","0.000","0.000",
"200004","200005","Partial P2 L2 Ltd","","2","2025","365","22-05-2025","233","63.84%","218.293","0.000","218.293","0.000","139.349","0.000","139.349","0.000","0.000","0.000","0.000","0.000","0.000","0.000","0.000","0.000","0.000","0.000","0.000","0.000","0.000","0.000","0.000","0.000","0.000","0.000","0.000","0.000","0.000","0.000","0.000","0.000","0.000","0.000","0.000","0.000","0.000","0.000","0.000","0.000","0.000","0.000","0.000","0.000","0.000","0.000","0.000","0.000","0.000","0.000","0.000","0.000","0.000","0.000","0.000","0.000","0.000","0.000","0.000","0.000","0.000","0.000","0.000","0.000","0.000","0.000",
"200006",,"Partial P2 L1 Ltd","","1","2025","365","01-04-2025","150","41.10%","423.212","0.000","423.212","0.000","173.923","0.000","173.923","0.000","0.000","0.000","0.000","0.000","0.000","0.000","0.000","0.000","0.000","0.000","0.000","0.000","0.000","0.000","0.000","0.000","0.000","0.000","0.000","0.000","0.000","0.000","0.000","0.000","0.000","0.000","0.000","0.000","0.000","0.000","0.000","0.000","0.000","0.000","0.000","0.000","0.000","0.000","0.000","0.000","0.000","0.000","0.000","0.000","0.000","0.000","0.000","0.000","0.000","0.000","0.000","0.000","0.000","0.000","0.000","0.000","0.000","0.000",


"Calculation Result",


"NOTE: Rows with 'Scaled-up tonnages?' = Yes include reported tonnages for a period that have been scaled-up to a full 6 month equivalent period. See 'Scaled-up Producers' table for details.",
,,,,,,,,,,"1 Producer Disposal Fees with Bad Debt Provision",,,,,,,,,,,,,,,,,,,,,,,,,,,,,,,,,,,,,,,,,,,,,,,,,,,,,,,,,,,,,,,,,,,,,,,,,,,,,,,,,,,,,,,,,,,,,,,,,,,,,,,,,,,,,,,,,,,,,,,,,,,,,,,,,,"2a Fees for Comms Costs - by Material with Bad Debt provision",,,,,,,,,,,,,,,,,,,,,,,,,,,,,,,,,,,,,,,,,,,,,,,,,,,,,,,,,,,,,,,,,,,,,,,,,,,,,,,,,,,,,,,,,,,,,,,,"1 Fee for LA Disposal Costs w/o Bad Debt provision","Bad Debt Provision","1 Fee for LA Disposal Costs with Bad Debt provision",,,,,"2a Fee for Comms Costs - by Material w/o Bad Debt provision","Bad Debt Provision","2a Fee for Comms Costs - by Material with Bad Debt provision",,,,,,"2b Comms Costs - UK wide w/o Bad Debt provision","Bad Debt provision","2b Comms Costs - UK wide with Bad Debt provision",,,,,"2c Comms Costs - by Country w/o Bad Debt provision","Bad Debt provision","2c Comms Costs - by Country with Bad Debt provision",,,,,"Total (1+2a+2b+2c) with Bad Debt provision",,"3 SA Operating Costs w/o Bad Debt provision","Bad Debt provision","3 SA Operating Costs with Bad Debt provision",,,,,"4 LA Data Prep Costs w/o Bad Debt provision","Bad Debt provision","4 LA Data Prep Costs with Bad Debt provision",,,,,"5 One-off fee for SA Set Up Costs w/o Bad Debt provision","Bad Debt provision","5 One-off fee for SA Set Up Costs with Bad Debt provision",,,,,"Total Producer Bill Breakdown",,,,,,,"Calculation of Suggested Billing Instructions and Invoice Amounts"
,,,,,,,,,,"Aluminium Breakdown",,,,,,,,,,,,,,,"Fibre composite Breakdown",,,,,,,,,,,,,,,"Glass Breakdown",,,,,,,,,,,,,,,,"Paper or card Breakdown",,,,,,,,,,,,,,,"Plastic Breakdown",,,,,,,,,,,,,,,"Steel Breakdown",,,,,,,,,,,,,,,"Wood Breakdown",,,,,,,,,,,,,,,"Other materials Breakdown",,,,,,,,,,,,,,,"Disposal Fee Summary",,,,,,,,,"Aluminium Breakdown",,,,,,,,,,,"Fibre composite Breakdown",,,,,,,,,,,"Glass Breakdown",,,,,,,,,,,,"Paper or card Breakdown",,,,,,,,,,,"Plastic Breakdown",,,,,,,,,,,"Steel Breakdown",,,,,,,,,,,"Wood Breakdown",,,,,,,,,,,"Other materials Breakdown",,,,,,,,,,,"Summary of Fee for Comms Costs - by Material",,,,,,,"£43.54","£1.74","£45.28",,,,,"£12.30","£0.49","£12.80",,,,,,"£46056.63","£1842.27","£47898.90",,,,,"£53560.00","£2142.40","£55702.40",,,,,"£103659.37",,"£27204000.00","£1088160.00","£28292160.00",,,,,"£0.00","£0.00","£0.00",,,,,"£27204000.00","£1088160.00","£28292160.00"
"Producer ID","Subsidiary ID","Producer / Subsidiary Name","Trading Name","Level","Scaled-up tonnages?","Partial Calculation?","Registration Status Code","Joiners Date","Leavers Date","Previous Invoiced Tonnage","Household Packaging Tonnage","Public Bin Tonnage","Total Tonnage","Self Managed Consumer Waste Tonnage","Net Tonnage","Tonnage Change","Price per Tonne","Producer Disposal Fee w/o Bad Debt Provision","Bad Debt Provision","Producer Disposal Fee with Bad Debt Provision","England with Bad Debt Provision","Wales with Bad Debt Provision","Scotland with Bad Debt Provision","Northern Ireland with Bad Debt Provision","Previous Invoiced Tonnage","Household Packaging Tonnage","Public Bin Tonnage","Total Tonnage","Self Managed Consumer Waste Tonnage","Net Tonnage","Tonnage Change","Price per Tonne","Producer Disposal Fee w/o Bad Debt Provision","Bad Debt Provision","Producer Disposal Fee with Bad Debt Provision","England with Bad Debt Provision","Wales with Bad Debt Provision","Scotland with Bad Debt Provision","Northern Ireland with Bad Debt Provision","Previous Invoiced Tonnage","Household Packaging Tonnage","Public Bin Tonnage","Household Drinks Containers Tonnage - Glass","Total Tonnage","Self Managed Consumer Waste Tonnage","Net Tonnage","Tonnage Change","Price per Tonne","Producer Disposal Fee w/o Bad Debt Provision","Bad Debt Provision","Producer Disposal Fee with Bad Debt Provision","England with Bad Debt Provision","Wales with Bad Debt Provision","Scotland with Bad Debt Provision","Northern Ireland with Bad Debt Provision","Previous Invoiced Tonnage","Household Packaging Tonnage","Public Bin Tonnage","Total Tonnage","Self Managed Consumer Waste Tonnage","Net Tonnage","Tonnage Change","Price per Tonne","Producer Disposal Fee w/o Bad Debt Provision","Bad Debt Provision","Producer Disposal Fee with Bad Debt Provision","England with Bad Debt Provision","Wales with Bad Debt Provision","Scotland with Bad Debt Provision","Northern Ireland with Bad Debt Provision","Previous Invoiced Tonnage","Household Packaging Tonnage","Public Bin Tonnage","Total Tonnage","Self Managed Consumer Waste Tonnage","Net Tonnage","Tonnage Change","Price per Tonne","Producer Disposal Fee w/o Bad Debt Provision","Bad Debt Provision","Producer Disposal Fee with Bad Debt Provision","England with Bad Debt Provision","Wales with Bad Debt Provision","Scotland with Bad Debt Provision","Northern Ireland with Bad Debt Provision","Previous Invoiced Tonnage","Household Packaging Tonnage","Public Bin Tonnage","Total Tonnage","Self Managed Consumer Waste Tonnage","Net Tonnage","Tonnage Change","Price per Tonne","Producer Disposal Fee w/o Bad Debt Provision","Bad Debt Provision","Producer Disposal Fee with Bad Debt Provision","England with Bad Debt Provision","Wales with Bad Debt Provision","Scotland with Bad Debt Provision","Northern Ireland with Bad Debt Provision","Previous Invoiced Tonnage","Household Packaging Tonnage","Public Bin Tonnage","Total Tonnage","Self Managed Consumer Waste Tonnage","Net Tonnage","Tonnage Change","Price per Tonne","Producer Disposal Fee w/o Bad Debt Provision","Bad Debt Provision","Producer Disposal Fee with Bad Debt Provision","England with Bad Debt Provision","Wales with Bad Debt Provision","Scotland with Bad Debt Provision","Northern Ireland with Bad Debt Provision","Previous Invoiced Tonnage","Household Packaging Tonnage","Public Bin Tonnage","Total Tonnage","Self Managed Consumer Waste Tonnage","Net Tonnage","Tonnage Change","Price per Tonne","Producer Disposal Fee w/o Bad Debt Provision","Bad Debt Provision","Producer Disposal Fee with Bad Debt Provision","England with Bad Debt Provision","Wales with Bad Debt Provision","Scotland with Bad Debt Provision","Northern Ireland with Bad Debt Provision","1 Total Producer Disposal Fee w/o Bad Debt Provision","Bad Debt Provision","1 Total Producer Disposal Fee with Bad Debt Provision","England Total","Wales Total","Scotland Total","Northern Ireland Total","Tonnage Change Count","Tonnage Change Advice","Household Packaging Tonnage","Public Bin Tonnage","Total Tonnage","Price per Tonne","Producer Total Cost w/o Bad Debt Provision","Bad Debt Provision","Producer Total Cost with Bad Debt Provision","England with Bad Debt Provision","Wales with Bad Debt Provision","Scotland with Bad Debt Provision","Northern Ireland with Bad Debt Provision","Household Packaging Tonnage","Public Bin Tonnage","Total Tonnage","Price per Tonne","Producer Total Cost w/o Bad Debt Provision","Bad Debt Provision","Producer Total Cost with Bad Debt Provision","England with Bad Debt Provision","Wales with Bad Debt Provision","Scotland with Bad Debt Provision","Northern Ireland with Bad Debt Provision","Household Packaging Tonnage","Public Bin Tonnage","Household Drinks Containers Tonnage - Glass","Total Tonnage","Price per Tonne","Producer Total Cost w/o Bad Debt Provision","Bad Debt Provision","Producer Total Cost with Bad Debt Provision","England with Bad Debt Provision","Wales with Bad Debt Provision","Scotland with Bad Debt Provision","Northern Ireland with Bad Debt Provision","Household Packaging Tonnage","Public Bin Tonnage","Total Tonnage","Price per Tonne","Producer Total Cost w/o Bad Debt Provision","Bad Debt Provision","Producer Total Cost with Bad Debt Provision","England with Bad Debt Provision","Wales with Bad Debt Provision","Scotland with Bad Debt Provision","Northern Ireland with Bad Debt Provision","Household Packaging Tonnage","Public Bin Tonnage","Total Tonnage","Price per Tonne","Producer Total Cost w/o Bad Debt Provision","Bad Debt Provision","Producer Total Cost with Bad Debt Provision","England with Bad Debt Provision","Wales with Bad Debt Provision","Scotland with Bad Debt Provision","Northern Ireland with Bad Debt Provision","Household Packaging Tonnage","Public Bin Tonnage","Total Tonnage","Price per Tonne","Producer Total Cost w/o Bad Debt Provision","Bad Debt Provision","Producer Total Cost with Bad Debt Provision","England with Bad Debt Provision","Wales with Bad Debt Provision","Scotland with Bad Debt Provision","Northern Ireland with Bad Debt Provision","Household Packaging Tonnage","Public Bin Tonnage","Total Tonnage","Price per Tonne","Producer Total Cost w/o Bad Debt Provision","Bad Debt Provision","Producer Total Cost with Bad Debt Provision","England with Bad Debt Provision","Wales with Bad Debt Provision","Scotland with Bad Debt Provision","Northern Ireland with Bad Debt Provision","Household Packaging Tonnage","Public Bin Tonnage","Total Tonnage","Price per Tonne","Producer Total Cost w/o Bad Debt Provision","Bad Debt Provision","Producer Total Cost with Bad Debt Provision","England with Bad Debt Provision","Wales with Bad Debt Provision","Scotland with Bad Debt Provision","Northern Ireland with Bad Debt Provision","2a Total Producer Fee for Comms Costs - by Material w/o Bad Debt provision","Total Bad Debt Provision","2a Total Producer Fee for Comms Costs - by Material with Bad Debt provision","England Total with Bad Debt provision","Wales Total with Bad Debt provision","Scotland Total with Bad Debt provision","Northern Ireland Total with Bad Debt provision","1 Total Producer Fee for LA Disposal Costs w/o Bad Debt provision","Bad Debt Provision for 1","1 Total Producer Fee for LA Disposal Costs with Bad Debt provision","England Total with Bad Debt provision","Wales Total with Bad Debt provision","Scotland Total with Bad Debt provision","Northern Ireland Total with Bad Debt provision","2a Total Producer Fee for Comms Costs - by Material w/o Bad Debt provision","Bad Debt Provision for 2a","2a Total Producer Fee for Comms Costs - by Material with Bad Debt provision","England Total with Bad Debt provision","Wales Total with Bad Debt provision","Scotland Total with Bad Debt provision","Northern Ireland Total with Bad Debt provision","Percentage of Producer Tonnage vs All Producers","2b Total Producer Fee for Comms Costs - UK wide In proportion to Producer Tonnage w/o Bad Debt provision","Bad Debt Provision for 2b","2b Total Producer Fee for Comms Costs - UK wide In proportion to Producer Tonnage with Bad Debt provision","England Total with Bad Debt provision","Wales Total with Bad Debt provision","Scotland Total with Bad Debt provision","Northern Ireland Total with Bad Debt provision","2c Total Producer Fee for Comms Costs - by Country In proportion to Producer Tonnage w/o Bad Debt provision","Bad Debt Provision for 2c","2c Total Producer Fee for Comms Costs - by Country In proportion to Producer Tonnage with Bad Debt provision","England Total with Bad Debt provision","Wales Total with Bad Debt provision","Scotland Total with Bad Debt provision","Northern Ireland Total with Bad Debt provision","Producer Total (1+2a+2b+2c) with Bad Debt provision","Producer Percentage of Overall Producer Cost for (1+2a+2b+2c)","3 Total Producer Fee for SA Operating Costs In proportion to Percentage of Overall Producer Cost of (1+2a+2b+2c) w/o Bad Debt provision","Bad Debt provision for 3","3 Total Producer Fee for SA Operating Costs In proportion to Percentage of Overall Producer Cost of (1+2a+2b+2c) with Bad Debt provision","England Total with Bad Debt provision","Wales Total with Bad Debt provision","Scotland Total with Bad Debt provision","Northern Ireland Total with Bad Debt provision","4 Total Producer Fee for LA Data Prep Costs In proportion to Percentage of Overall Producer Cost of (1+2a+2b+2c) w/o Bad Debt provision","Bad Debt Provision for 4","4 Total Producer Fee for LA Data Prep Costs In proportion to Percentage of Overall Producer Cost of (1+2a+2b+2c) with Bad Debt provision","England Total with Bad Debt provision","Wales Total with Bad Debt provision","Scotland Total with Bad Debt provision","Northern Ireland Total with Bad Debt provision","5 Total Producer One-off fee for SA Set Up Costs In proportion to Percentage of Overall Producer Cost of (1+2a+2b+2c) w/o Bad Debt provision","Bad Debt Provision for 5","5 Total Producer One-off fee for SA Set Up Costs In proportion to Percentage of Overall Producer Cost of (1+2a+2b+2c) with Bad Debt provision","England Total with Bad Debt provision","Wales Total with Bad Debt provision","Scotland Total with Bad Debt provision","Northern Ireland Total with Bad Debt provision","Total Producer Bill (1+2a+2b+2c+3+4+5) w/o Bad Debt Provision","Bad Debt Provision for Total Producer Bill","Total Producer Bill (1+2a+2b+2c+3+4+5) with Bad Debt Provision","England Total with Bad Debt provision","Wales Total with Bad Debt provision","Scotland Total with Bad Debt provision","Northern Ireland Total with Bad Debt provision","Current Year Invoiced Total To Date","Tonnage Change Since Last Invoice","Liability Difference (Calc vs Prev)","Material £ Threshold Breached","Tonnage £ Threshold Breached (if tonnage changed)","% Liability Difference (Calc vs Prev)","Material % Threshold Breached","Tonnage % Threshold Breached (if tonnage changed)","Suggested Billing Instruction","Suggested Invoice Amount",
"100001","","","","1","Yes","No",,,,"-","6384.989","0.000","6384.989","0.000","6384.989","-","£0.0046","£29.37","£1.17","£30.55","£16.51","£3.72","£7.41","£2.90","-","0.000","0.000","0.000","0.000","0.000","-","£0.0007","£0.00","£0.00","£0.00","£0.00","£0.00","£0.00","£0.00","-","0.000","0.000","0.000","0.000","0.000","0.000","-","£0.0053","£0.00","£0.00","£0.00","£0.00","£0.00","£0.00","£0.00","-","0.000","0.000","0.000","0.000","0.000","-","£0.0132","£0.00","£0.00","£0.00","£0.00","£0.00","£0.00","£0.00","-","0.000","0.000","0.000","0.000","0.000","-","£0.0049","£0.00","£0.00","£0.00","£0.00","£0.00","£0.00","£0.00","-","0.000","0.000","0.000","0.000","0.000","-","£0.0126","£0.00","£0.00","£0.00","£0.00","£0.00","£0.00","£0.00","-","0.000","0.000","0.000","0.000","0.000","-","£0.0081","£0.00","£0.00","£0.00","£0.00","£0.00","£0.00","£0.00","-","0.000","0.000","0.000","0.000","0.000","-","£0.0008","£0.00","£0.00","£0.00","£0.00","£0.00","£0.00","£0.00","£29.37","£1.17","£30.55","£16.51","£3.72","£7.41","£2.90","0","","6384.989","0.000","6384.989","£0.0013","£8.30","£0.33","£8.63","£4.67","£1.05","£2.09","£0.82","0.000","0.000","0.000","£0.0004","£0.00","£0.00","£0.00","£0.00","£0.00","£0.00","£0.00","0.000","0.000","0.000","0.000","£0.0004","£0.00","£0.00","£0.00","£0.00","£0.00","£0.00","£0.00","0.000","0.000","0.000","£0.0060","£0.00","£0.00","£0.00","£0.00","£0.00","£0.00","£0.00","0.000","0.000","0.000","£0.0012","£0.00","£0.00","£0.00","£0.00","£0.00","£0.00","£0.00","0.000","0.000","0.000","£0.0057","£0.00","£0.00","£0.00","£0.00","£0.00","£0.00","£0.00","0.000","0.000","0.000","£0.0006","£0.00","£0.00","£0.00","£0.00","£0.00","£0.00","£0.00","0.000","0.000","0.000","£0.0007","£0.00","£0.00","£0.00","£0.00","£0.00","£0.00","£0.00","£8.30","£0.33","£8.63","£4.67","£1.05","£2.09","£0.82","£29.37","£1.17","£30.55","£16.51","£3.72","£7.41","£2.90","£8.30","£0.33","£8.63","£4.67","£1.05","£2.09","£0.82","67.46412535%","£31071.70","£1242.87","£32314.57","£17465.62","£3936.92","£7842.03","£3070.00","£36133.79","£1445.35","£37579.14","£32314.57","£4717.72","£388.32","£158.53","£69932.89","67.46412535%","£18352940.66","£734117.63","£19087058.29","£10316313.07","£2325398.44","£4632005.78","£1813341.00","£0.00","£0.00","£0.00","£0.00","£0.00","£0.00","£0.00","£18352940.66","£734117.63","£19087058.29","£10316313.07","£2325398.44","£4632005.78","£1813341.00","£36773124.48","£1470924.98","£38244049.46","£20682427.50","£4659456.29","£9272251.41","£3629914.26","-","-","-","-","-","-","-","-","INITIAL","£38244049.46",
"100001","100001","All Periods L1 Comismatch","","2","Yes","No",,,,"-","1795.773","0.000","1795.773","0.000","1795.773","-","£0.0046","£8.26","£0.33","£8.59","£4.64","£1.05","£2.08","£0.82","-","0.000","0.000","0.000","0.000","0.000","-","£0.0007","£0.00","£0.00","£0.00","£0.00","£0.00","£0.00","£0.00","-","0.000","0.000","0.000","0.000","0.000","0.000","-","£0.0053","£0.00","£0.00","£0.00","£0.00","£0.00","£0.00","£0.00","-","0.000","0.000","0.000","0.000","0.000","-","£0.0132","£0.00","£0.00","£0.00","£0.00","£0.00","£0.00","£0.00","-","0.000","0.000","0.000","0.000","0.000","-","£0.0049","£0.00","£0.00","£0.00","£0.00","£0.00","£0.00","£0.00","-","0.000","0.000","0.000","0.000","0.000","-","£0.0126","£0.00","£0.00","£0.00","£0.00","£0.00","£0.00","£0.00","-","0.000","0.000","0.000","0.000","0.000","-","£0.0081","£0.00","£0.00","£0.00","£0.00","£0.00","£0.00","£0.00","-","0.000","0.000","0.000","0.000","0.000","-","£0.0008","£0.00","£0.00","£0.00","£0.00","£0.00","£0.00","£0.00","£8.26","£0.33","£8.59","£4.64","£1.05","£2.08","£0.82","-","-","1795.773","0.000","1795.773","£0.0013","£2.33","£0.09","£2.43","£1.31","£0.30","£0.59","£0.23","0.000","0.000","0.000","£0.0004","£0.00","£0.00","£0.00","£0.00","£0.00","£0.00","£0.00","0.000","0.000","0.000","0.000","£0.0004","£0.00","£0.00","£0.00","£0.00","£0.00","£0.00","£0.00","0.000","0.000","0.000","£0.0060","£0.00","£0.00","£0.00","£0.00","£0.00","£0.00","£0.00","0.000","0.000","0.000","£0.0012","£0.00","£0.00","£0.00","£0.00","£0.00","£0.00","£0.00","0.000","0.000","0.000","£0.0057","£0.00","£0.00","£0.00","£0.00","£0.00","£0.00","£0.00","0.000","0.000","0.000","£0.0006","£0.00","£0.00","£0.00","£0.00","£0.00","£0.00","£0.00","0.000","0.000","0.000","£0.0007","£0.00","£0.00","£0.00","£0.00","£0.00","£0.00","£0.00","£2.33","£0.09","£2.43","£1.31","£0.30","£0.59","£0.23","£8.26","£0.33","£8.59","£4.64","£1.05","£2.08","£0.82","£2.33","£0.09","£2.43","£1.31","£0.30","£0.59","£0.23","18.97423077%","£8738.89","£349.56","£9088.45","£4912.19","£1107.26","£2205.56","£863.44","£10162.60","£406.50","£10569.10","£9088.45","£1326.85","£109.22","£44.59","£19668.57","18.97423077%","£5161749.74","£206469.99","£5368219.73","£2901454.72","£654016.43","£1302747.88","£510000.69","£0.00","£0.00","£0.00","£0.00","£0.00","£0.00","£0.00","£5161749.74","£206469.99","£5368219.73","£2901454.72","£654016.43","£1302747.88","£510000.69","£10342411.56","£413696.46","£10756108.03","£5816916.03","£1310468.32","£2607813.22","£1020910.45","-","-","-","-","-","-","-","-","-","-",
"100001","100002","All Periods L2 Comismatch","","2","Yes","No",,,,"-","4589.216","0.000","4589.216","0.000","4589.216","-","£0.0046","£21.11","£0.84","£21.95","£11.87","£2.67","£5.33","£2.09","-","0.000","0.000","0.000","0.000","0.000","-","£0.0007","£0.00","£0.00","£0.00","£0.00","£0.00","£0.00","£0.00","-","0.000","0.000","0.000","0.000","0.000","0.000","-","£0.0053","£0.00","£0.00","£0.00","£0.00","£0.00","£0.00","£0.00","-","0.000","0.000","0.000","0.000","0.000","-","£0.0132","£0.00","£0.00","£0.00","£0.00","£0.00","£0.00","£0.00","-","0.000","0.000","0.000","0.000","0.000","-","£0.0049","£0.00","£0.00","£0.00","£0.00","£0.00","£0.00","£0.00","-","0.000","0.000","0.000","0.000","0.000","-","£0.0126","£0.00","£0.00","£0.00","£0.00","£0.00","£0.00","£0.00","-","0.000","0.000","0.000","0.000","0.000","-","£0.0081","£0.00","£0.00","£0.00","£0.00","£0.00","£0.00","£0.00","-","0.000","0.000","0.000","0.000","0.000","-","£0.0008","£0.00","£0.00","£0.00","£0.00","£0.00","£0.00","£0.00","£21.11","£0.84","£21.95","£11.87","£2.67","£5.33","£2.09","-","-","4589.216","0.000","4589.216","£0.0013","£5.97","£0.24","£6.20","£3.35","£0.76","£1.51","£0.59","0.000","0.000","0.000","£0.0004","£0.00","£0.00","£0.00","£0.00","£0.00","£0.00","£0.00","0.000","0.000","0.000","0.000","£0.0004","£0.00","£0.00","£0.00","£0.00","£0.00","£0.00","£0.00","0.000","0.000","0.000","£0.0060","£0.00","£0.00","£0.00","£0.00","£0.00","£0.00","£0.00","0.000","0.000","0.000","£0.0012","£0.00","£0.00","£0.00","£0.00","£0.00","£0.00","£0.00","0.000","0.000","0.000","£0.0057","£0.00","£0.00","£0.00","£0.00","£0.00","£0.00","£0.00","0.000","0.000","0.000","£0.0006","£0.00","£0.00","£0.00","£0.00","£0.00","£0.00","£0.00","0.000","0.000","0.000","£0.0007","£0.00","£0.00","£0.00","£0.00","£0.00","£0.00","£0.00","£5.97","£0.24","£6.20","£3.35","£0.76","£1.51","£0.59","£21.11","£0.84","£21.95","£11.87","£2.67","£5.33","£2.09","£5.97","£0.24","£6.20","£3.35","£0.76","£1.51","£0.59","48.48989458%","£22332.81","£893.31","£23226.12","£12553.43","£2829.67","£5636.47","£2206.57","£25971.19","£1038.85","£27010.04","£23226.12","£3390.86","£279.11","£113.94","£50264.32","48.48989458%","£13191190.92","£527647.64","£13718838.56","£7414858.35","£1671382.00","£3329257.89","£1303340.31","£0.00","£0.00","£0.00","£0.00","£0.00","£0.00","£0.00","£13191190.92","£527647.64","£13718838.56","£7414858.35","£1671382.00","£3329257.89","£1303340.31","£26430712.92","£1057228.52","£27487941.43","£14865511.47","£3348987.97","£6664438.19","£2609003.80","-","-","-","-","-","-","-","-","-","-",
"100002","","","","1","No","No",,,,"-","300.198","0.000","300.198","0.000","300.198","-","£0.0046","£1.38","£0.06","£1.44","£0.78","£0.17","£0.35","£0.14","-","0.000","0.000","0.000","0.000","0.000","-","£0.0007","£0.00","£0.00","£0.00","£0.00","£0.00","£0.00","£0.00","-","0.000","0.000","0.000","0.000","0.000","0.000","-","£0.0053","£0.00","£0.00","£0.00","£0.00","£0.00","£0.00","£0.00","-","0.000","0.000","0.000","0.000","0.000","-","£0.0132","£0.00","£0.00","£0.00","£0.00","£0.00","£0.00","£0.00","-","0.000","0.000","0.000","0.000","0.000","-","£0.0049","£0.00","£0.00","£0.00","£0.00","£0.00","£0.00","£0.00","-","0.000","0.000","0.000","0.000","0.000","-","£0.0126","£0.00","£0.00","£0.00","£0.00","£0.00","£0.00","£0.00","-","0.000","0.000","0.000","0.000","0.000","-","£0.0081","£0.00","£0.00","£0.00","£0.00","£0.00","£0.00","£0.00","-","0.000","0.000","0.000","0.000","0.000","-","£0.0008","£0.00","£0.00","£0.00","£0.00","£0.00","£0.00","£0.00","£1.38","£0.06","£1.44","£0.78","£0.17","£0.35","£0.14","0","","300.198","0.000","300.198","£0.0013","£0.39","£0.02","£0.41","£0.22","£0.05","£0.10","£0.04","0.000","0.000","0.000","£0.0004","£0.00","£0.00","£0.00","£0.00","£0.00","£0.00","£0.00","0.000","0.000","0.000","0.000","£0.0004","£0.00","£0.00","£0.00","£0.00","£0.00","£0.00","£0.00","0.000","0.000","0.000","£0.0060","£0.00","£0.00","£0.00","£0.00","£0.00","£0.00","£0.00","0.000","0.000","0.000","£0.0012","£0.00","£0.00","£0.00","£0.00","£0.00","£0.00","£0.00","0.000","0.000","0.000","£0.0057","£0.00","£0.00","£0.00","£0.00","£0.00","£0.00","£0.00","0.000","0.000","0.000","£0.0006","£0.00","£0.00","£0.00","£0.00","£0.00","£0.00","£0.00","0.000","0.000","0.000","£0.0007","£0.00","£0.00","£0.00","£0.00","£0.00","£0.00","£0.00","£0.39","£0.02","£0.41","£0.22","£0.05","£0.10","£0.04","£1.38","£0.06","£1.44","£0.78","£0.17","£0.35","£0.14","£0.39","£0.02","£0.41","£0.22","£0.05","£0.10","£0.04","3.17190766%","£1460.87","£58.43","£1519.31","£821.17","£185.10","£368.70","£144.34","£1698.87","£67.95","£1766.83","£1519.31","£221.81","£18.26","£7.45","£3287.98","3.17190766%","£862885.76","£34515.43","£897401.19","£485033.97","£109331.43","£217779.37","£85256.43","£0.00","£0.00","£0.00","£0.00","£0.00","£0.00","£0.00","£862885.76","£34515.43","£897401.19","£485033.97","£109331.43","£217779.37","£85256.43","£1728933.04","£69157.32","£1798090.36","£972409.41","£219069.99","£435946.14","£170664.82","-","-","-","-","-","-","-","-","INITIAL","£1798090.36",
"100002","100002","P1 only L1 Comismatch","","2","No","No",,,,"-","100.099","0.000","100.099","0.000","100.099","-","£0.0046","£0.46","£0.02","£0.48","£0.26","£0.06","£0.12","£0.05","-","0.000","0.000","0.000","0.000","0.000","-","£0.0007","£0.00","£0.00","£0.00","£0.00","£0.00","£0.00","£0.00","-","0.000","0.000","0.000","0.000","0.000","0.000","-","£0.0053","£0.00","£0.00","£0.00","£0.00","£0.00","£0.00","£0.00","-","0.000","0.000","0.000","0.000","0.000","-","£0.0132","£0.00","£0.00","£0.00","£0.00","£0.00","£0.00","£0.00","-","0.000","0.000","0.000","0.000","0.000","-","£0.0049","£0.00","£0.00","£0.00","£0.00","£0.00","£0.00","£0.00","-","0.000","0.000","0.000","0.000","0.000","-","£0.0126","£0.00","£0.00","£0.00","£0.00","£0.00","£0.00","£0.00","-","0.000","0.000","0.000","0.000","0.000","-","£0.0081","£0.00","£0.00","£0.00","£0.00","£0.00","£0.00","£0.00","-","0.000","0.000","0.000","0.000","0.000","-","£0.0008","£0.00","£0.00","£0.00","£0.00","£0.00","£0.00","£0.00","£0.46","£0.02","£0.48","£0.26","£0.06","£0.12","£0.05","-","-","100.099","0.000","100.099","£0.0013","£0.13","£0.01","£0.14","£0.07","£0.02","£0.03","£0.01","0.000","0.000","0.000","£0.0004","£0.00","£0.00","£0.00","£0.00","£0.00","£0.00","£0.00","0.000","0.000","0.000","0.000","£0.0004","£0.00","£0.00","£0.00","£0.00","£0.00","£0.00","£0.00","0.000","0.000","0.000","£0.0060","£0.00","£0.00","£0.00","£0.00","£0.00","£0.00","£0.00","0.000","0.000","0.000","£0.0012","£0.00","£0.00","£0.00","£0.00","£0.00","£0.00","£0.00","0.000","0.000","0.000","£0.0057","£0.00","£0.00","£0.00","£0.00","£0.00","£0.00","£0.00","0.000","0.000","0.000","£0.0006","£0.00","£0.00","£0.00","£0.00","£0.00","£0.00","£0.00","0.000","0.000","0.000","£0.0007","£0.00","£0.00","£0.00","£0.00","£0.00","£0.00","£0.00","£0.13","£0.01","£0.14","£0.07","£0.02","£0.03","£0.01","£0.46","£0.02","£0.48","£0.26","£0.06","£0.12","£0.05","£0.13","£0.01","£0.14","£0.07","£0.02","£0.03","£0.01","1.05765123%","£487.12","£19.48","£506.60","£273.81","£61.72","£122.94","£48.13","£566.48","£22.66","£589.14","£506.60","£73.96","£6.09","£2.49","£1096.35","1.05765123%","£287723.44","£11508.94","£299232.38","£161731.31","£36455.83","£72617.06","£28428.18","£0.00","£0.00","£0.00","£0.00","£0.00","£0.00","£0.00","£287723.44","£11508.94","£299232.38","£161731.31","£36455.83","£72617.06","£28428.18","£576501.07","£23060.04","£599561.11","£324243.36","£73047.41","£145363.30","£56907.03","-","-","-","-","-","-","-","-","-","-",
"100002","100003","P1 only L2 Comismatch","","2","No","No",,,,"-","200.099","0.000","200.099","0.000","200.099","-","£0.0046","£0.92","£0.04","£0.96","£0.52","£0.12","£0.23","£0.09","-","0.000","0.000","0.000","0.000","0.000","-","£0.0007","£0.00","£0.00","£0.00","£0.00","£0.00","£0.00","£0.00","-","0.000","0.000","0.000","0.000","0.000","0.000","-","£0.0053","£0.00","£0.00","£0.00","£0.00","£0.00","£0.00","£0.00","-","0.000","0.000","0.000","0.000","0.000","-","£0.0132","£0.00","£0.00","£0.00","£0.00","£0.00","£0.00","£0.00","-","0.000","0.000","0.000","0.000","0.000","-","£0.0049","£0.00","£0.00","£0.00","£0.00","£0.00","£0.00","£0.00","-","0.000","0.000","0.000","0.000","0.000","-","£0.0126","£0.00","£0.00","£0.00","£0.00","£0.00","£0.00","£0.00","-","0.000","0.000","0.000","0.000","0.000","-","£0.0081","£0.00","£0.00","£0.00","£0.00","£0.00","£0.00","£0.00","-","0.000","0.000","0.000","0.000","0.000","-","£0.0008","£0.00","£0.00","£0.00","£0.00","£0.00","£0.00","£0.00","£0.92","£0.04","£0.96","£0.52","£0.12","£0.23","£0.09","-","-","200.099","0.000","200.099","£0.0013","£0.26","£0.01","£0.27","£0.15","£0.03","£0.07","£0.03","0.000","0.000","0.000","£0.0004","£0.00","£0.00","£0.00","£0.00","£0.00","£0.00","£0.00","0.000","0.000","0.000","0.000","£0.0004","£0.00","£0.00","£0.00","£0.00","£0.00","£0.00","£0.00","0.000","0.000","0.000","£0.0060","£0.00","£0.00","£0.00","£0.00","£0.00","£0.00","£0.00","0.000","0.000","0.000","£0.0012","£0.00","£0.00","£0.00","£0.00","£0.00","£0.00","£0.00","0.000","0.000","0.000","£0.0057","£0.00","£0.00","£0.00","£0.00","£0.00","£0.00","£0.00","0.000","0.000","0.000","£0.0006","£0.00","£0.00","£0.00","£0.00","£0.00","£0.00","£0.00","0.000","0.000","0.000","£0.0007","£0.00","£0.00","£0.00","£0.00","£0.00","£0.00","£0.00","£0.26","£0.01","£0.27","£0.15","£0.03","£0.07","£0.03","£0.92","£0.04","£0.96","£0.52","£0.12","£0.23","£0.09","£0.26","£0.01","£0.27","£0.15","£0.03","£0.07","£0.03","2.11425643%","£973.76","£38.95","£1012.71","£547.35","£123.38","£245.76","£96.21","£1132.40","£45.30","£1177.69","£1012.71","£147.85","£12.17","£4.97","£2191.62","2.11425643%","£575162.32","£23006.49","£598168.81","£323302.66","£72875.60","£145162.31","£56828.25","£0.00","£0.00","£0.00","£0.00","£0.00","£0.00","£0.00","£575162.32","£23006.49","£598168.81","£323302.66","£72875.60","£145162.31","£56828.25","£1152431.97","£46097.28","£1198529.25","£648166.04","£146022.58","£290582.84","£113757.79","-","-","-","-","-","-","-","-","-","-",
"100004","","","","1","Yes","No",,,,"-","600.396","0.000","600.396","0.000","600.396","-","£0.0046","£2.76","£0.11","£2.87","£1.55","£0.35","£0.70","£0.27","-","0.000","0.000","0.000","0.000","0.000","-","£0.0007","£0.00","£0.00","£0.00","£0.00","£0.00","£0.00","£0.00","-","0.000","0.000","0.000","0.000","0.000","0.000","-","£0.0053","£0.00","£0.00","£0.00","£0.00","£0.00","£0.00","£0.00","-","0.000","0.000","0.000","0.000","0.000","-","£0.0132","£0.00","£0.00","£0.00","£0.00","£0.00","£0.00","£0.00","-","0.000","0.000","0.000","0.000","0.000","-","£0.0049","£0.00","£0.00","£0.00","£0.00","£0.00","£0.00","£0.00","-","0.000","0.000","0.000","0.000","0.000","-","£0.0126","£0.00","£0.00","£0.00","£0.00","£0.00","£0.00","£0.00","-","0.000","0.000","0.000","0.000","0.000","-","£0.0081","£0.00","£0.00","£0.00","£0.00","£0.00","£0.00","£0.00","-","0.000","0.000","0.000","0.000","0.000","-","£0.0008","£0.00","£0.00","£0.00","£0.00","£0.00","£0.00","£0.00","£2.76","£0.11","£2.87","£1.55","£0.35","£0.70","£0.27","0","","600.396","0.000","600.396","£0.0013","£0.78","£0.03","£0.81","£0.44","£0.10","£0.20","£0.08","0.000","0.000","0.000","£0.0004","£0.00","£0.00","£0.00","£0.00","£0.00","£0.00","£0.00","0.000","0.000","0.000","0.000","£0.0004","£0.00","£0.00","£0.00","£0.00","£0.00","£0.00","£0.00","0.000","0.000","0.000","£0.0060","£0.00","£0.00","£0.00","£0.00","£0.00","£0.00","£0.00","0.000","0.000","0.000","£0.0012","£0.00","£0.00","£0.00","£0.00","£0.00","£0.00","£0.00","0.000","0.000","0.000","£0.0057","£0.00","£0.00","£0.00","£0.00","£0.00","£0.00","£0.00","0.000","0.000","0.000","£0.0006","£0.00","£0.00","£0.00","£0.00","£0.00","£0.00","£0.00","0.000","0.000","0.000","£0.0007","£0.00","£0.00","£0.00","£0.00","£0.00","£0.00","£0.00","£0.78","£0.03","£0.81","£0.44","£0.10","£0.20","£0.08","£2.76","£0.11","£2.87","£1.55","£0.35","£0.70","£0.27","£0.78","£0.03","£0.81","£0.44","£0.10","£0.20","£0.08","6.34381531%","£2921.75","£116.87","£3038.62","£1642.33","£370.20","£737.41","£288.68","£3397.75","£135.91","£3533.66","£3038.62","£443.62","£36.51","£14.91","£6575.96","6.34381531%","£1725771.52","£69030.86","£1794802.38","£970067.94","£218662.85","£435558.74","£170512.85","£0.00","£0.00","£0.00","£0.00","£0.00","£0.00","£0.00","£1725771.52","£69030.86","£1794802.38","£970067.94","£218662.85","£435558.74","£170512.85","£3457866.07","£138314.64","£3596180.72","£1944818.81","£438139.97","£871892.29","£341329.64","-","-","-","-","-","-","-","-","INITIAL","£3596180.72",
"100004","100004","P2 only L1 Comismatch","","2","Yes","No",,,,"-","200.198","0.000","200.198","0.000","200.198","-","£0.0046","£0.92","£0.04","£0.96","£0.52","£0.12","£0.23","£0.09","-","0.000","0.000","0.000","0.000","0.000","-","£0.0007","£0.00","£0.00","£0.00","£0.00","£0.00","£0.00","£0.00","-","0.000","0.000","0.000","0.000","0.000","0.000","-","£0.0053","£0.00","£0.00","£0.00","£0.00","£0.00","£0.00","£0.00","-","0.000","0.000","0.000","0.000","0.000","-","£0.0132","£0.00","£0.00","£0.00","£0.00","£0.00","£0.00","£0.00","-","0.000","0.000","0.000","0.000","0.000","-","£0.0049","£0.00","£0.00","£0.00","£0.00","£0.00","£0.00","£0.00","-","0.000","0.000","0.000","0.000","0.000","-","£0.0126","£0.00","£0.00","£0.00","£0.00","£0.00","£0.00","£0.00","-","0.000","0.000","0.000","0.000","0.000","-","£0.0081","£0.00","£0.00","£0.00","£0.00","£0.00","£0.00","£0.00","-","0.000","0.000","0.000","0.000","0.000","-","£0.0008","£0.00","£0.00","£0.00","£0.00","£0.00","£0.00","£0.00","£0.92","£0.04","£0.96","£0.52","£0.12","£0.23","£0.09","-","-","200.198","0.000","200.198","£0.0013","£0.26","£0.01","£0.27","£0.15","£0.03","£0.07","£0.03","0.000","0.000","0.000","£0.0004","£0.00","£0.00","£0.00","£0.00","£0.00","£0.00","£0.00","0.000","0.000","0.000","0.000","£0.0004","£0.00","£0.00","£0.00","£0.00","£0.00","£0.00","£0.00","0.000","0.000","0.000","£0.0060","£0.00","£0.00","£0.00","£0.00","£0.00","£0.00","£0.00","0.000","0.000","0.000","£0.0012","£0.00","£0.00","£0.00","£0.00","£0.00","£0.00","£0.00","0.000","0.000","0.000","£0.0057","£0.00","£0.00","£0.00","£0.00","£0.00","£0.00","£0.00","0.000","0.000","0.000","£0.0006","£0.00","£0.00","£0.00","£0.00","£0.00","£0.00","£0.00","0.000","0.000","0.000","£0.0007","£0.00","£0.00","£0.00","£0.00","£0.00","£0.00","£0.00","£0.26","£0.01","£0.27","£0.15","£0.03","£0.07","£0.03","£0.92","£0.04","£0.96","£0.52","£0.12","£0.23","£0.09","£0.26","£0.01","£0.27","£0.15","£0.03","£0.07","£0.03","2.11530246%","£974.24","£38.97","£1013.21","£547.63","£123.44","£245.88","£96.26","£1132.96","£45.32","£1178.27","£1013.21","£147.92","£12.18","£4.97","£2192.71","2.11530246%","£575446.88","£23017.88","£598464.76","£323462.62","£72911.66","£145234.13","£56856.36","£0.00","£0.00","£0.00","£0.00","£0.00","£0.00","£0.00","£575446.88","£23017.88","£598464.76","£323462.62","£72911.66","£145234.13","£56856.36","£1153002.14","£46120.09","£1199122.22","£648486.73","£146094.82","£290726.61","£113814.07","-","-","-","-","-","-","-","-","-","-",
"100004","100005","P2 only L2 Comismatch","","2","Yes","No",,,,"-","400.198","0.000","400.198","0.000","400.198","-","£0.0046","£1.84","£0.07","£1.91","£1.03","£0.23","£0.46","£0.18","-","0.000","0.000","0.000","0.000","0.000","-","£0.0007","£0.00","£0.00","£0.00","£0.00","£0.00","£0.00","£0.00","-","0.000","0.000","0.000","0.000","0.000","0.000","-","£0.0053","£0.00","£0.00","£0.00","£0.00","£0.00","£0.00","£0.00","-","0.000","0.000","0.000","0.000","0.000","-","£0.0132","£0.00","£0.00","£0.00","£0.00","£0.00","£0.00","£0.00","-","0.000","0.000","0.000","0.000","0.000","-","£0.0049","£0.00","£0.00","£0.00","£0.00","£0.00","£0.00","£0.00","-","0.000","0.000","0.000","0.000","0.000","-","£0.0126","£0.00","£0.00","£0.00","£0.00","£0.00","£0.00","£0.00","-","0.000","0.000","0.000","0.000","0.000","-","£0.0081","£0.00","£0.00","£0.00","£0.00","£0.00","£0.00","£0.00","-","0.000","0.000","0.000","0.000","0.000","-","£0.0008","£0.00","£0.00","£0.00","£0.00","£0.00","£0.00","£0.00","£1.84","£0.07","£1.91","£1.03","£0.23","£0.46","£0.18","-","-","400.198","0.000","400.198","£0.0013","£0.52","£0.02","£0.54","£0.29","£0.07","£0.13","£0.05","0.000","0.000","0.000","£0.0004","£0.00","£0.00","£0.00","£0.00","£0.00","£0.00","£0.00","0.000","0.000","0.000","0.000","£0.0004","£0.00","£0.00","£0.00","£0.00","£0.00","£0.00","£0.00","0.000","0.000","0.000","£0.0060","£0.00","£0.00","£0.00","£0.00","£0.00","£0.00","£0.00","0.000","0.000","0.000","£0.0012","£0.00","£0.00","£0.00","£0.00","£0.00","£0.00","£0.00","0.000","0.000","0.000","£0.0057","£0.00","£0.00","£0.00","£0.00","£0.00","£0.00","£0.00","0.000","0.000","0.000","£0.0006","£0.00","£0.00","£0.00","£0.00","£0.00","£0.00","£0.00","0.000","0.000","0.000","£0.0007","£0.00","£0.00","£0.00","£0.00","£0.00","£0.00","£0.00","£0.52","£0.02","£0.54","£0.29","£0.07","£0.13","£0.05","£1.84","£0.07","£1.91","£1.03","£0.23","£0.46","£0.18","£0.52","£0.02","£0.54","£0.29","£0.07","£0.13","£0.05","4.22851285%","£1947.51","£77.90","£2025.41","£1094.71","£246.76","£491.52","£192.42","£2264.79","£90.59","£2355.38","£2025.41","£295.70","£24.34","£9.94","£4383.25","4.22851285%","£1150324.64","£46012.99","£1196337.62","£646605.32","£145751.20","£290324.61","£113656.49","£0.00","£0.00","£0.00","£0.00","£0.00","£0.00","£0.00","£1150324.64","£46012.99","£1196337.62","£646605.32","£145751.20","£290324.61","£113656.49","£2304863.93","£92194.56","£2397058.49","£1296332.09","£292045.15","£581165.68","£227515.57","-","-","-","-","-","-","-","-","-","-",
"100006","","","","1","Yes","No",,,,"-","895.673","0.000","895.673","0.000","895.673","-","£0.0046","£4.12","£0.16","£4.28","£2.32","£0.52","£1.04","£0.41","-","0.000","0.000","0.000","0.000","0.000","-","£0.0007","£0.00","£0.00","£0.00","£0.00","£0.00","£0.00","£0.00","-","0.000","0.000","0.000","0.000","0.000","0.000","-","£0.0053","£0.00","£0.00","£0.00","£0.00","£0.00","£0.00","£0.00","-","0.000","0.000","0.000","0.000","0.000","-","£0.0132","£0.00","£0.00","£0.00","£0.00","£0.00","£0.00","£0.00","-","0.000","0.000","0.000","0.000","0.000","-","£0.0049","£0.00","£0.00","£0.00","£0.00","£0.00","£0.00","£0.00","-","0.000","0.000","0.000","0.000","0.000","-","£0.0126","£0.00","£0.00","£0.00","£0.00","£0.00","£0.00","£0.00","-","0.000","0.000","0.000","0.000","0.000","-","£0.0081","£0.00","£0.00","£0.00","£0.00","£0.00","£0.00","£0.00","-","0.000","0.000","0.000","0.000","0.000","-","£0.0008","£0.00","£0.00","£0.00","£0.00","£0.00","£0.00","£0.00","£4.12","£0.16","£4.28","£2.32","£0.52","£1.04","£0.41","0","","895.673","0.000","895.673","£0.0013","£1.16","£0.05","£1.21","£0.65","£0.15","£0.29","£0.12","0.000","0.000","0.000","£0.0004","£0.00","£0.00","£0.00","£0.00","£0.00","£0.00","£0.00","0.000","0.000","0.000","0.000","£0.0004","£0.00","£0.00","£0.00","£0.00","£0.00","£0.00","£0.00","0.000","0.000","0.000","£0.0060","£0.00","£0.00","£0.00","£0.00","£0.00","£0.00","£0.00","0.000","0.000","0.000","£0.0012","£0.00","£0.00","£0.00","£0.00","£0.00","£0.00","£0.00","0.000","0.000","0.000","£0.0057","£0.00","£0.00","£0.00","£0.00","£0.00","£0.00","£0.00","0.000","0.000","0.000","£0.0006","£0.00","£0.00","£0.00","£0.00","£0.00","£0.00","£0.00","0.000","0.000","0.000","£0.0007","£0.00","£0.00","£0.00","£0.00","£0.00","£0.00","£0.00","£1.16","£0.05","£1.21","£0.65","£0.15","£0.29","£0.12","£4.12","£0.16","£4.28","£2.32","£0.52","£1.04","£0.41","£1.16","£0.05","£1.21","£0.65","£0.15","£0.29","£0.12","9.46372743%","£4358.67","£174.35","£4533.02","£2450.04","£552.26","£1100.06","£430.65","£5068.77","£202.75","£5271.52","£4533.02","£661.79","£54.47","£22.24","£9810.04","9.46372743%","£2574512.41","£102980.50","£2677492.91","£1447150.98","£326202.06","£649768.15","£254371.71","£0.00","£0.00","£0.00","£0.00","£0.00","£0.00","£0.00","£2574512.41","£102980.50","£2677492.91","£1447150.98","£326202.06","£649768.15","£254371.71","£5158457.55","£206338.30","£5364795.85","£2901287.99","£653618.85","£1300692.18","£509196.84","-","-","-","-","-","-","-","-","INITIAL","£5364795.85",
"100006","100006","P3 only L1 Comismatch","","2","Yes","No",,,,"-","298.656","0.000","298.656","0.000","298.656","-","£0.0046","£1.37","£0.05","£1.43","£0.77","£0.17","£0.35","£0.14","-","0.000","0.000","0.000","0.000","0.000","-","£0.0007","£0.00","£0.00","£0.00","£0.00","£0.00","£0.00","£0.00","-","0.000","0.000","0.000","0.000","0.000","0.000","-","£0.0053","£0.00","£0.00","£0.00","£0.00","£0.00","£0.00","£0.00","-","0.000","0.000","0.000","0.000","0.000","-","£0.0132","£0.00","£0.00","£0.00","£0.00","£0.00","£0.00","£0.00","-","0.000","0.000","0.000","0.000","0.000","-","£0.0049","£0.00","£0.00","£0.00","£0.00","£0.00","£0.00","£0.00","-","0.000","0.000","0.000","0.000","0.000","-","£0.0126","£0.00","£0.00","£0.00","£0.00","£0.00","£0.00","£0.00","-","0.000","0.000","0.000","0.000","0.000","-","£0.0081","£0.00","£0.00","£0.00","£0.00","£0.00","£0.00","£0.00","-","0.000","0.000","0.000","0.000","0.000","-","£0.0008","£0.00","£0.00","£0.00","£0.00","£0.00","£0.00","£0.00","£1.37","£0.05","£1.43","£0.77","£0.17","£0.35","£0.14","-","-","298.656","0.000","298.656","£0.0013","£0.39","£0.02","£0.40","£0.22","£0.05","£0.10","£0.04","0.000","0.000","0.000","£0.0004","£0.00","£0.00","£0.00","£0.00","£0.00","£0.00","£0.00","0.000","0.000","0.000","0.000","£0.0004","£0.00","£0.00","£0.00","£0.00","£0.00","£0.00","£0.00","0.000","0.000","0.000","£0.0060","£0.00","£0.00","£0.00","£0.00","£0.00","£0.00","£0.00","0.000","0.000","0.000","£0.0012","£0.00","£0.00","£0.00","£0.00","£0.00","£0.00","£0.00","0.000","0.000","0.000","£0.0057","£0.00","£0.00","£0.00","£0.00","£0.00","£0.00","£0.00","0.000","0.000","0.000","£0.0006","£0.00","£0.00","£0.00","£0.00","£0.00","£0.00","£0.00","0.000","0.000","0.000","£0.0007","£0.00","£0.00","£0.00","£0.00","£0.00","£0.00","£0.00","£0.39","£0.02","£0.40","£0.22","£0.05","£0.10","£0.04","£1.37","£0.05","£1.43","£0.77","£0.17","£0.35","£0.14","£0.39","£0.02","£0.40","£0.22","£0.05","£0.10","£0.04","3.15561481%","£1453.37","£58.13","£1511.50","£816.95","£184.15","£366.81","£143.60","£1690.15","£67.61","£1757.75","£1511.50","£220.67","£18.16","£7.41","£3271.09","3.15561481%","£858453.45","£34338.14","£892791.59","£482542.54","£108769.83","£216660.72","£84818.50","£0.00","£0.00","£0.00","£0.00","£0.00","£0.00","£0.00","£858453.45","£34338.14","£892791.59","£482542.54","£108769.83","£216660.72","£84818.50","£1720052.18","£68802.09","£1788854.27","£967414.52","£217944.71","£433706.86","£169788.18","-","-","-","-","-","-","-","-","-","-",
"100006","100007","P3 only L2 Comismatch","","2","Yes","No",,,,"-","597.017","0.000","597.017","0.000","597.017","-","£0.0046","£2.75","£0.11","£2.86","£1.54","£0.35","£0.69","£0.27","-","0.000","0.000","0.000","0.000","0.000","-","£0.0007","£0.00","£0.00","£0.00","£0.00","£0.00","£0.00","£0.00","-","0.000","0.000","0.000","0.000","0.000","0.000","-","£0.0053","£0.00","£0.00","£0.00","£0.00","£0.00","£0.00","£0.00","-","0.000","0.000","0.000","0.000","0.000","-","£0.0132","£0.00","£0.00","£0.00","£0.00","£0.00","£0.00","£0.00","-","0.000","0.000","0.000","0.000","0.000","-","£0.0049","£0.00","£0.00","£0.00","£0.00","£0.00","£0.00","£0.00","-","0.000","0.000","0.000","0.000","0.000","-","£0.0126","£0.00","£0.00","£0.00","£0.00","£0.00","£0.00","£0.00","-","0.000","0.000","0.000","0.000","0.000","-","£0.0081","£0.00","£0.00","£0.00","£0.00","£0.00","£0.00","£0.00","-","0.000","0.000","0.000","0.000","0.000","-","£0.0008","£0.00","£0.00","£0.00","£0.00","£0.00","£0.00","£0.00","£2.75","£0.11","£2.86","£1.54","£0.35","£0.69","£0.27","-","-","597.017","0.000","597.017","£0.0013","£0.78","£0.03","£0.81","£0.44","£0.10","£0.20","£0.08","0.000","0.000","0.000","£0.0004","£0.00","£0.00","£0.00","£0.00","£0.00","£0.00","£0.00","0.000","0.000","0.000","0.000","£0.0004","£0.00","£0.00","£0.00","£0.00","£0.00","£0.00","£0.00","0.000","0.000","0.000","£0.0060","£0.00","£0.00","£0.00","£0.00","£0.00","£0.00","£0.00","0.000","0.000","0.000","£0.0012","£0.00","£0.00","£0.00","£0.00","£0.00","£0.00","£0.00","0.000","0.000","0.000","£0.0057","£0.00","£0.00","£0.00","£0.00","£0.00","£0.00","£0.00","0.000","0.000","0.000","£0.0006","£0.00","£0.00","£0.00","£0.00","£0.00","£0.00","£0.00","0.000","0.000","0.000","£0.0007","£0.00","£0.00","£0.00","£0.00","£0.00","£0.00","£0.00","£0.78","£0.03","£0.81","£0.44","£0.10","£0.20","£0.08","£2.75","£0.11","£2.86","£1.54","£0.35","£0.69","£0.27","£0.78","£0.03","£0.81","£0.44","£0.10","£0.20","£0.08","6.30811263%","£2905.30","£116.21","£3021.52","£1633.09","£368.11","£733.25","£287.06","£3378.63","£135.15","£3513.77","£3021.52","£441.12","£36.31","£14.82","£6538.95","6.30811263%","£1716058.96","£68642.36","£1784701.32","£964608.44","£217432.23","£433107.43","£169553.21","£0.00","£0.00","£0.00","£0.00","£0.00","£0.00","£0.00","£1716058.96","£68642.36","£1784701.32","£964608.44","£217432.23","£433107.43","£169553.21","£3438405.37","£137536.21","£3575941.58","£1933873.47","£435674.14","£866985.32","£339408.65","-","-","-","-","-","-","-","-","-","-",
"100008","","","","1","No","No",,,,"-","300.198","0.000","300.198","0.000","300.198","-","£0.0046","£1.38","£0.06","£1.44","£0.78","£0.17","£0.35","£0.14","-","0.000","0.000","0.000","0.000","0.000","-","£0.0007","£0.00","£0.00","£0.00","£0.00","£0.00","£0.00","£0.00","-","0.000","0.000","0.000","0.000","0.000","0.000","-","£0.0053","£0.00","£0.00","£0.00","£0.00","£0.00","£0.00","£0.00","-","0.000","0.000","0.000","0.000","0.000","-","£0.0132","£0.00","£0.00","£0.00","£0.00","£0.00","£0.00","£0.00","-","0.000","0.000","0.000","0.000","0.000","-","£0.0049","£0.00","£0.00","£0.00","£0.00","£0.00","£0.00","£0.00","-","0.000","0.000","0.000","0.000","0.000","-","£0.0126","£0.00","£0.00","£0.00","£0.00","£0.00","£0.00","£0.00","-","0.000","0.000","0.000","0.000","0.000","-","£0.0081","£0.00","£0.00","£0.00","£0.00","£0.00","£0.00","£0.00","-","0.000","0.000","0.000","0.000","0.000","-","£0.0008","£0.00","£0.00","£0.00","£0.00","£0.00","£0.00","£0.00","£1.38","£0.06","£1.44","£0.78","£0.17","£0.35","£0.14","0","","300.198","0.000","300.198","£0.0013","£0.39","£0.02","£0.41","£0.22","£0.05","£0.10","£0.04","0.000","0.000","0.000","£0.0004","£0.00","£0.00","£0.00","£0.00","£0.00","£0.00","£0.00","0.000","0.000","0.000","0.000","£0.0004","£0.00","£0.00","£0.00","£0.00","£0.00","£0.00","£0.00","0.000","0.000","0.000","£0.0060","£0.00","£0.00","£0.00","£0.00","£0.00","£0.00","£0.00","0.000","0.000","0.000","£0.0012","£0.00","£0.00","£0.00","£0.00","£0.00","£0.00","£0.00","0.000","0.000","0.000","£0.0057","£0.00","£0.00","£0.00","£0.00","£0.00","£0.00","£0.00","0.000","0.000","0.000","£0.0006","£0.00","£0.00","£0.00","£0.00","£0.00","£0.00","£0.00","0.000","0.000","0.000","£0.0007","£0.00","£0.00","£0.00","£0.00","£0.00","£0.00","£0.00","£0.39","£0.02","£0.41","£0.22","£0.05","£0.10","£0.04","£1.38","£0.06","£1.44","£0.78","£0.17","£0.35","£0.14","£0.39","£0.02","£0.41","£0.22","£0.05","£0.10","£0.04","3.17190766%","£1460.87","£58.43","£1519.31","£821.17","£185.10","£368.70","£144.34","£1698.87","£67.95","£1766.83","£1519.31","£221.81","£18.26","£7.45","£3287.98","3.17190766%","£862885.76","£34515.43","£897401.19","£485033.97","£109331.43","£217779.37","£85256.43","£0.00","£0.00","£0.00","£0.00","£0.00","£0.00","£0.00","£862885.76","£34515.43","£897401.19","£485033.97","£109331.43","£217779.37","£85256.43","£1728933.04","£69157.32","£1798090.36","£972409.41","£219069.99","£435946.14","£170664.82","-","-","-","-","-","-","-","-","INITIAL","£1798090.36",
"100008","100008","P4 only L1 Comismatch","","2","No","No",,,,"-","100.099","0.000","100.099","0.000","100.099","-","£0.0046","£0.46","£0.02","£0.48","£0.26","£0.06","£0.12","£0.05","-","0.000","0.000","0.000","0.000","0.000","-","£0.0007","£0.00","£0.00","£0.00","£0.00","£0.00","£0.00","£0.00","-","0.000","0.000","0.000","0.000","0.000","0.000","-","£0.0053","£0.00","£0.00","£0.00","£0.00","£0.00","£0.00","£0.00","-","0.000","0.000","0.000","0.000","0.000","-","£0.0132","£0.00","£0.00","£0.00","£0.00","£0.00","£0.00","£0.00","-","0.000","0.000","0.000","0.000","0.000","-","£0.0049","£0.00","£0.00","£0.00","£0.00","£0.00","£0.00","£0.00","-","0.000","0.000","0.000","0.000","0.000","-","£0.0126","£0.00","£0.00","£0.00","£0.00","£0.00","£0.00","£0.00","-","0.000","0.000","0.000","0.000","0.000","-","£0.0081","£0.00","£0.00","£0.00","£0.00","£0.00","£0.00","£0.00","-","0.000","0.000","0.000","0.000","0.000","-","£0.0008","£0.00","£0.00","£0.00","£0.00","£0.00","£0.00","£0.00","£0.46","£0.02","£0.48","£0.26","£0.06","£0.12","£0.05","-","-","100.099","0.000","100.099","£0.0013","£0.13","£0.01","£0.14","£0.07","£0.02","£0.03","£0.01","0.000","0.000","0.000","£0.0004","£0.00","£0.00","£0.00","£0.00","£0.00","£0.00","£0.00","0.000","0.000","0.000","0.000","£0.0004","£0.00","£0.00","£0.00","£0.00","£0.00","£0.00","£0.00","0.000","0.000","0.000","£0.0060","£0.00","£0.00","£0.00","£0.00","£0.00","£0.00","£0.00","0.000","0.000","0.000","£0.0012","£0.00","£0.00","£0.00","£0.00","£0.00","£0.00","£0.00","0.000","0.000","0.000","£0.0057","£0.00","£0.00","£0.00","£0.00","£0.00","£0.00","£0.00","0.000","0.000","0.000","£0.0006","£0.00","£0.00","£0.00","£0.00","£0.00","£0.00","£0.00","0.000","0.000","0.000","£0.0007","£0.00","£0.00","£0.00","£0.00","£0.00","£0.00","£0.00","£0.13","£0.01","£0.14","£0.07","£0.02","£0.03","£0.01","£0.46","£0.02","£0.48","£0.26","£0.06","£0.12","£0.05","£0.13","£0.01","£0.14","£0.07","£0.02","£0.03","£0.01","1.05765123%","£487.12","£19.48","£506.60","£273.81","£61.72","£122.94","£48.13","£566.48","£22.66","£589.14","£506.60","£73.96","£6.09","£2.49","£1096.35","1.05765123%","£287723.44","£11508.94","£299232.38","£161731.31","£36455.83","£72617.06","£28428.18","£0.00","£0.00","£0.00","£0.00","£0.00","£0.00","£0.00","£287723.44","£11508.94","£299232.38","£161731.31","£36455.83","£72617.06","£28428.18","£576501.07","£23060.04","£599561.11","£324243.36","£73047.41","£145363.30","£56907.03","-","-","-","-","-","-","-","-","-","-",
"100008","100009","P4 only L2 Comismatch","","2","No","No",,,,"-","200.099","0.000","200.099","0.000","200.099","-","£0.0046","£0.92","£0.04","£0.96","£0.52","£0.12","£0.23","£0.09","-","0.000","0.000","0.000","0.000","0.000","-","£0.0007","£0.00","£0.00","£0.00","£0.00","£0.00","£0.00","£0.00","-","0.000","0.000","0.000","0.000","0.000","0.000","-","£0.0053","£0.00","£0.00","£0.00","£0.00","£0.00","£0.00","£0.00","-","0.000","0.000","0.000","0.000","0.000","-","£0.0132","£0.00","£0.00","£0.00","£0.00","£0.00","£0.00","£0.00","-","0.000","0.000","0.000","0.000","0.000","-","£0.0049","£0.00","£0.00","£0.00","£0.00","£0.00","£0.00","£0.00","-","0.000","0.000","0.000","0.000","0.000","-","£0.0126","£0.00","£0.00","£0.00","£0.00","£0.00","£0.00","£0.00","-","0.000","0.000","0.000","0.000","0.000","-","£0.0081","£0.00","£0.00","£0.00","£0.00","£0.00","£0.00","£0.00","-","0.000","0.000","0.000","0.000","0.000","-","£0.0008","£0.00","£0.00","£0.00","£0.00","£0.00","£0.00","£0.00","£0.92","£0.04","£0.96","£0.52","£0.12","£0.23","£0.09","-","-","200.099","0.000","200.099","£0.0013","£0.26","£0.01","£0.27","£0.15","£0.03","£0.07","£0.03","0.000","0.000","0.000","£0.0004","£0.00","£0.00","£0.00","£0.00","£0.00","£0.00","£0.00","0.000","0.000","0.000","0.000","£0.0004","£0.00","£0.00","£0.00","£0.00","£0.00","£0.00","£0.00","0.000","0.000","0.000","£0.0060","£0.00","£0.00","£0.00","£0.00","£0.00","£0.00","£0.00","0.000","0.000","0.000","£0.0012","£0.00","£0.00","£0.00","£0.00","£0.00","£0.00","£0.00","0.000","0.000","0.000","£0.0057","£0.00","£0.00","£0.00","£0.00","£0.00","£0.00","£0.00","0.000","0.000","0.000","£0.0006","£0.00","£0.00","£0.00","£0.00","£0.00","£0.00","£0.00","0.000","0.000","0.000","£0.0007","£0.00","£0.00","£0.00","£0.00","£0.00","£0.00","£0.00","£0.26","£0.01","£0.27","£0.15","£0.03","£0.07","£0.03","£0.92","£0.04","£0.96","£0.52","£0.12","£0.23","£0.09","£0.26","£0.01","£0.27","£0.15","£0.03","£0.07","£0.03","2.11425643%","£973.76","£38.95","£1012.71","£547.35","£123.38","£245.76","£96.21","£1132.40","£45.30","£1177.69","£1012.71","£147.85","£12.17","£4.97","£2191.62","2.11425643%","£575162.32","£23006.49","£598168.81","£323302.66","£72875.60","£145162.31","£56828.25","£0.00","£0.00","£0.00","£0.00","£0.00","£0.00","£0.00","£575162.32","£23006.49","£598168.81","£323302.66","£72875.60","£145162.31","£56828.25","£1152431.97","£46097.28","£1198529.25","£648166.04","£146022.58","£290582.84","£113757.79","-","-","-","-","-","-","-","-","-","-",
"200001","","","","1","No","Yes",,,,"-","440.397","0.000","440.397","0.000","440.397","-","£0.0046","£2.03","£0.08","£2.11","£1.14","£0.26","£0.51","£0.20","-","0.000","0.000","0.000","0.000","0.000","-","£0.0007","£0.00","£0.00","£0.00","£0.00","£0.00","£0.00","£0.00","-","0.000","0.000","0.000","0.000","0.000","0.000","-","£0.0053","£0.00","£0.00","£0.00","£0.00","£0.00","£0.00","£0.00","-","0.000","0.000","0.000","0.000","0.000","-","£0.0132","£0.00","£0.00","£0.00","£0.00","£0.00","£0.00","£0.00","-","0.000","0.000","0.000","0.000","0.000","-","£0.0049","£0.00","£0.00","£0.00","£0.00","£0.00","£0.00","£0.00","-","0.000","0.000","0.000","0.000","0.000","-","£0.0126","£0.00","£0.00","£0.00","£0.00","£0.00","£0.00","£0.00","-","0.000","0.000","0.000","0.000","0.000","-","£0.0081","£0.00","£0.00","£0.00","£0.00","£0.00","£0.00","£0.00","-","0.000","0.000","0.000","0.000","0.000","-","£0.0008","£0.00","£0.00","£0.00","£0.00","£0.00","£0.00","£0.00","£2.03","£0.08","£2.11","£1.14","£0.26","£0.51","£0.20","0","","440.397","0.000","440.397","£0.0013","£0.57","£0.02","£0.60","£0.32","£0.07","£0.14","£0.06","0.000","0.000","0.000","£0.0004","£0.00","£0.00","£0.00","£0.00","£0.00","£0.00","£0.00","0.000","0.000","0.000","0.000","£0.0004","£0.00","£0.00","£0.00","£0.00","£0.00","£0.00","£0.00","0.000","0.000","0.000","£0.0060","£0.00","£0.00","£0.00","£0.00","£0.00","£0.00","£0.00","0.000","0.000","0.000","£0.0012","£0.00","£0.00","£0.00","£0.00","£0.00","£0.00","£0.00","0.000","0.000","0.000","£0.0057","£0.00","£0.00","£0.00","£0.00","£0.00","£0.00","£0.00","0.000","0.000","0.000","£0.0006","£0.00","£0.00","£0.00","£0.00","£0.00","£0.00","£0.00","0.000","0.000","0.000","£0.0007","£0.00","£0.00","£0.00","£0.00","£0.00","£0.00","£0.00","£0.57","£0.02","£0.60","£0.32","£0.07","£0.14","£0.06","£2.03","£0.08","£2.11","£1.14","£0.26","£0.51","£0.20","£0.57","£0.02","£0.60","£0.32","£0.07","£0.14","£0.06","4.65325757%","£2143.13","£85.73","£2228.86","£1204.67","£271.54","£540.89","£211.75","£2492.28","£99.69","£2591.98","£2228.86","£325.40","£26.78","£10.93","£4823.54","4.65325757%","£1265872.19","£50634.89","£1316507.08","£711555.39","£160391.58","£319487.07","£125073.03","£0.00","£0.00","£0.00","£0.00","£0.00","£0.00","£0.00","£1265872.19","£50634.89","£1316507.08","£711555.39","£160391.58","£319487.07","£125073.03","£2536382.40","£101455.30","£2637837.69","£1426545.77","£321380.44","£639542.48","£250369.01","-","-","-","-","-","-","-","-","INITIAL","£2637837.69",
"200001","200001","Non Partial P1 L1 Ltd","","2","No","No",,,,"-","433.424","0.000","433.424","0.000","433.424","-","£0.0046","£1.99","£0.08","£2.07","£1.12","£0.25","£0.50","£0.20","-","0.000","0.000","0.000","0.000","0.000","-","£0.0007","£0.00","£0.00","£0.00","£0.00","£0.00","£0.00","£0.00","-","0.000","0.000","0.000","0.000","0.000","0.000","-","£0.0053","£0.00","£0.00","£0.00","£0.00","£0.00","£0.00","£0.00","-","0.000","0.000","0.000","0.000","0.000","-","£0.0132","£0.00","£0.00","£0.00","£0.00","£0.00","£0.00","£0.00","-","0.000","0.000","0.000","0.000","0.000","-","£0.0049","£0.00","£0.00","£0.00","£0.00","£0.00","£0.00","£0.00","-","0.000","0.000","0.000","0.000","0.000","-","£0.0126","£0.00","£0.00","£0.00","£0.00","£0.00","£0.00","£0.00","-","0.000","0.000","0.000","0.000","0.000","-","£0.0081","£0.00","£0.00","£0.00","£0.00","£0.00","£0.00","£0.00","-","0.000","0.000","0.000","0.000","0.000","-","£0.0008","£0.00","£0.00","£0.00","£0.00","£0.00","£0.00","£0.00","£1.99","£0.08","£2.07","£1.12","£0.25","£0.50","£0.20","-","-","433.424","0.000","433.424","£0.0013","£0.56","£0.02","£0.59","£0.32","£0.07","£0.14","£0.06","0.000","0.000","0.000","£0.0004","£0.00","£0.00","£0.00","£0.00","£0.00","£0.00","£0.00","0.000","0.000","0.000","0.000","£0.0004","£0.00","£0.00","£0.00","£0.00","£0.00","£0.00","£0.00","0.000","0.000","0.000","£0.0060","£0.00","£0.00","£0.00","£0.00","£0.00","£0.00","£0.00","0.000","0.000","0.000","£0.0012","£0.00","£0.00","£0.00","£0.00","£0.00","£0.00","£0.00","0.000","0.000","0.000","£0.0057","£0.00","£0.00","£0.00","£0.00","£0.00","£0.00","£0.00","0.000","0.000","0.000","£0.0006","£0.00","£0.00","£0.00","£0.00","£0.00","£0.00","£0.00","0.000","0.000","0.000","£0.0007","£0.00","£0.00","£0.00","£0.00","£0.00","£0.00","£0.00","£0.56","£0.02","£0.59","£0.32","£0.07","£0.14","£0.06","£1.99","£0.08","£2.07","£1.12","£0.25","£0.50","£0.20","£0.56","£0.02","£0.59","£0.32","£0.07","£0.14","£0.06","4.57958049%","£2109.20","£84.37","£2193.57","£1185.60","£267.24","£532.33","£208.40","£2452.82","£98.11","£2550.94","£2193.57","£320.25","£26.36","£10.76","£4747.16","4.57958049%","£1245829.08","£49833.16","£1295662.24","£700289.02","£157852.03","£314428.49","£123092.70","£0.00","£0.00","£0.00","£0.00","£0.00","£0.00","£0.00","£1245829.08","£49833.16","£1295662.24","£700289.02","£157852.03","£314428.49","£123092.70","£2496222.73","£99848.91","£2596071.64","£1403958.64","£316291.88","£629416.32","£246404.80","-","-","-","-","-","-","-","-","-","-",
"200001","200002","Partial P1 L2 Ltd","","2","No","Yes","02","22-05-2025",,"-","6.973","0.000","6.973","0.000","6.973","-","£0.0046","£0.03","£0.00","£0.03","£0.02","£0.00","£0.01","£0.00","-","0.000","0.000","0.000","0.000","0.000","-","£0.0007","£0.00","£0.00","£0.00","£0.00","£0.00","£0.00","£0.00","-","0.000","0.000","0.000","0.000","0.000","0.000","-","£0.0053","£0.00","£0.00","£0.00","£0.00","£0.00","£0.00","£0.00","-","0.000","0.000","0.000","0.000","0.000","-","£0.0132","£0.00","£0.00","£0.00","£0.00","£0.00","£0.00","£0.00","-","0.000","0.000","0.000","0.000","0.000","-","£0.0049","£0.00","£0.00","£0.00","£0.00","£0.00","£0.00","£0.00","-","0.000","0.000","0.000","0.000","0.000","-","£0.0126","£0.00","£0.00","£0.00","£0.00","£0.00","£0.00","£0.00","-","0.000","0.000","0.000","0.000","0.000","-","£0.0081","£0.00","£0.00","£0.00","£0.00","£0.00","£0.00","£0.00","-","0.000","0.000","0.000","0.000","0.000","-","£0.0008","£0.00","£0.00","£0.00","£0.00","£0.00","£0.00","£0.00","£0.03","£0.00","£0.03","£0.02","£0.00","£0.01","£0.00","-","-","6.973","0.000","6.973","£0.0013","£0.01","£0.00","£0.01","£0.01","£0.00","£0.00","£0.00","0.000","0.000","0.000","£0.0004","£0.00","£0.00","£0.00","£0.00","£0.00","£0.00","£0.00","0.000","0.000","0.000","0.000","£0.0004","£0.00","£0.00","£0.00","£0.00","£0.00","£0.00","£0.00","0.000","0.000","0.000","£0.0060","£0.00","£0.00","£0.00","£0.00","£0.00","£0.00","£0.00","0.000","0.000","0.000","£0.0012","£0.00","£0.00","£0.00","£0.00","£0.00","£0.00","£0.00","0.000","0.000","0.000","£0.0057","£0.00","£0.00","£0.00","£0.00","£0.00","£0.00","£0.00","0.000","0.000","0.000","£0.0006","£0.00","£0.00","£0.00","£0.00","£0.00","£0.00","£0.00","0.000","0.000","0.000","£0.0007","£0.00","£0.00","£0.00","£0.00","£0.00","£0.00","£0.00","£0.01","£0.00","£0.01","£0.01","£0.00","£0.00","£0.00","£0.03","£0.00","£0.03","£0.02","£0.00","£0.01","£0.00","£0.01","£0.00","£0.01","£0.01","£0.00","£0.00","£0.00","0.07367708%","£33.93","£1.36","£35.29","£19.07","£4.30","£8.56","£3.35","£39.46","£1.58","£41.04","£35.29","£5.15","£0.42","£0.17","£76.37","0.07367708%","£20043.11","£801.72","£20844.84","£11266.37","£2539.55","£5058.58","£1980.34","£0.00","£0.00","£0.00","£0.00","£0.00","£0.00","£0.00","£20043.11","£801.72","£20844.84","£11266.37","£2539.55","£5058.58","£1980.34","£40159.66","£1606.39","£41766.05","£22587.13","£5088.56","£10126.16","£3964.20","-","-","-","-","-","-","-","-","-","-",
"200003","","Partial H1 P1 Ltd","","1","No","Yes","02","01-04-2025",,"-","97.896","0.000","97.896","0.000","97.896","-","£0.0046","£0.45","£0.02","£0.47","£0.25","£0.06","£0.11","£0.04","-","0.000","0.000","0.000","0.000","0.000","-","£0.0007","£0.00","£0.00","£0.00","£0.00","£0.00","£0.00","£0.00","-","0.000","0.000","0.000","0.000","0.000","0.000","-","£0.0053","£0.00","£0.00","£0.00","£0.00","£0.00","£0.00","£0.00","-","0.000","0.000","0.000","0.000","0.000","-","£0.0132","£0.00","£0.00","£0.00","£0.00","£0.00","£0.00","£0.00","-","0.000","0.000","0.000","0.000","0.000","-","£0.0049","£0.00","£0.00","£0.00","£0.00","£0.00","£0.00","£0.00","-","0.000","0.000","0.000","0.000","0.000","-","£0.0126","£0.00","£0.00","£0.00","£0.00","£0.00","£0.00","£0.00","-","0.000","0.000","0.000","0.000","0.000","-","£0.0081","£0.00","£0.00","£0.00","£0.00","£0.00","£0.00","£0.00","-","0.000","0.000","0.000","0.000","0.000","-","£0.0008","£0.00","£0.00","£0.00","£0.00","£0.00","£0.00","£0.00","£0.45","£0.02","£0.47","£0.25","£0.06","£0.11","£0.04","0","","97.896","0.000","97.896","£0.0013","£0.13","£0.01","£0.13","£0.07","£0.02","£0.03","£0.01","0.000","0.000","0.000","£0.0004","£0.00","£0.00","£0.00","£0.00","£0.00","£0.00","£0.00","0.000","0.000","0.000","0.000","£0.0004","£0.00","£0.00","£0.00","£0.00","£0.00","£0.00","£0.00","0.000","0.000","0.000","£0.0060","£0.00","£0.00","£0.00","£0.00","£0.00","£0.00","£0.00","0.000","0.000","0.000","£0.0012","£0.00","£0.00","£0.00","£0.00","£0.00","£0.00","£0.00","0.000","0.000","0.000","£0.0057","£0.00","£0.00","£0.00","£0.00","£0.00","£0.00","£0.00","0.000","0.000","0.000","£0.0006","£0.00","£0.00","£0.00","£0.00","£0.00","£0.00","£0.00","0.000","0.000","0.000","£0.0007","£0.00","£0.00","£0.00","£0.00","£0.00","£0.00","£0.00","£0.13","£0.01","£0.13","£0.07","£0.02","£0.03","£0.01","£0.45","£0.02","£0.47","£0.25","£0.06","£0.11","£0.04","£0.13","£0.01","£0.13","£0.07","£0.02","£0.03","£0.01","1.03437422%","£476.40","£19.06","£495.45","£267.79","£60.36","£120.24","£47.07","£554.01","£22.16","£576.17","£495.45","£72.33","£5.95","£2.43","£1072.23","1.03437422%","£281391.16","£11255.65","£292646.81","£158171.89","£35653.50","£71018.89","£27802.53","£0.00","£0.00","£0.00","£0.00","£0.00","£0.00","£0.00","£281391.16","£11255.65","£292646.81","£158171.89","£35653.50","£71018.89","£27802.53","£563813.31","£22552.53","£586365.84","£317107.35","£71439.77","£142164.12","£55654.61","-","-","-","-","-","-","-","-","INITIAL","£586365.84",
"200004","","","","1","No","Yes",,,,"-","270.603","0.000","270.603","0.000","270.603","-","£0.0046","£1.24","£0.05","£1.29","£0.70","£0.16","£0.31","£0.12","-","0.000","0.000","0.000","0.000","0.000","-","£0.0007","£0.00","£0.00","£0.00","£0.00","£0.00","£0.00","£0.00","-","0.000","0.000","0.000","0.000","0.000","0.000","-","£0.0053","£0.00","£0.00","£0.00","£0.00","£0.00","£0.00","£0.00","-","0.000","0.000","0.000","0.000","0.000","-","£0.0132","£0.00","£0.00","£0.00","£0.00","£0.00","£0.00","£0.00","-","0.000","0.000","0.000","0.000","0.000","-","£0.0049","£0.00","£0.00","£0.00","£0.00","£0.00","£0.00","£0.00","-","0.000","0.000","0.000","0.000","0.000","-","£0.0126","£0.00","£0.00","£0.00","£0.00","£0.00","£0.00","£0.00","-","0.000","0.000","0.000","0.000","0.000","-","£0.0081","£0.00","£0.00","£0.00","£0.00","£0.00","£0.00","£0.00","-","0.000","0.000","0.000","0.000","0.000","-","£0.0008","£0.00","£0.00","£0.00","£0.00","£0.00","£0.00","£0.00","£1.24","£0.05","£1.29","£0.70","£0.16","£0.31","£0.12","0","","270.603","0.000","270.603","£0.0013","£0.35","£0.01","£0.37","£0.20","£0.04","£0.09","£0.03","0.000","0.000","0.000","£0.0004","£0.00","£0.00","£0.00","£0.00","£0.00","£0.00","£0.00","0.000","0.000","0.000","0.000","£0.0004","£0.00","£0.00","£0.00","£0.00","£0.00","£0.00","£0.00","0.000","0.000","0.000","£0.0060","£0.00","£0.00","£0.00","£0.00","£0.00","£0.00","£0.00","0.000","0.000","0.000","£0.0012","£0.00","£0.00","£0.00","£0.00","£0.00","£0.00","£0.00","0.000","0.000","0.000","£0.0057","£0.00","£0.00","£0.00","£0.00","£0.00","£0.00","£0.00","0.000","0.000","0.000","£0.0006","£0.00","£0.00","£0.00","£0.00","£0.00","£0.00","£0.00","0.000","0.000","0.000","£0.0007","£0.00","£0.00","£0.00","£0.00","£0.00","£0.00","£0.00","£0.35","£0.01","£0.37","£0.20","£0.04","£0.09","£0.03","£1.24","£0.05","£1.29","£0.70","£0.16","£0.31","£0.12","£0.35","£0.01","£0.37","£0.20","£0.04","£0.09","£0.03","2.85920535%","£1316.85","£52.67","£1369.53","£740.21","£166.85","£332.35","£130.11","£1531.39","£61.26","£1592.65","£1369.53","£199.94","£16.46","£6.72","£2963.83","2.85920535%","£777818.22","£31112.73","£808930.95","£437216.93","£98553.00","£196309.60","£76851.43","£0.00","£0.00","£0.00","£0.00","£0.00","£0.00","£0.00","£777818.22","£31112.73","£808930.95","£437216.93","£98553.00","£196309.60","£76851.43","£1558486.29","£62339.45","£1620825.74","£876544.49","£197472.99","£392968.42","£153839.84","-","-","-","-","-","-","-","-","INITIAL","£1620825.74",
"200004","200004","Non Partial P2 L1 Ltd","","2","No","No",,,,"-","131.254","0.000","131.254","0.000","131.254","-","£0.0046","£0.60","£0.02","£0.63","£0.34","£0.08","£0.15","£0.06","-","0.000","0.000","0.000","0.000","0.000","-","£0.0007","£0.00","£0.00","£0.00","£0.00","£0.00","£0.00","£0.00","-","0.000","0.000","0.000","0.000","0.000","0.000","-","£0.0053","£0.00","£0.00","£0.00","£0.00","£0.00","£0.00","£0.00","-","0.000","0.000","0.000","0.000","0.000","-","£0.0132","£0.00","£0.00","£0.00","£0.00","£0.00","£0.00","£0.00","-","0.000","0.000","0.000","0.000","0.000","-","£0.0049","£0.00","£0.00","£0.00","£0.00","£0.00","£0.00","£0.00","-","0.000","0.000","0.000","0.000","0.000","-","£0.0126","£0.00","£0.00","£0.00","£0.00","£0.00","£0.00","£0.00","-","0.000","0.000","0.000","0.000","0.000","-","£0.0081","£0.00","£0.00","£0.00","£0.00","£0.00","£0.00","£0.00","-","0.000","0.000","0.000","0.000","0.000","-","£0.0008","£0.00","£0.00","£0.00","£0.00","£0.00","£0.00","£0.00","£0.60","£0.02","£0.63","£0.34","£0.08","£0.15","£0.06","-","-","131.254","0.000","131.254","£0.0013","£0.17","£0.01","£0.18","£0.10","£0.02","£0.04","£0.02","0.000","0.000","0.000","£0.0004","£0.00","£0.00","£0.00","£0.00","£0.00","£0.00","£0.00","0.000","0.000","0.000","0.000","£0.0004","£0.00","£0.00","£0.00","£0.00","£0.00","£0.00","£0.00","0.000","0.000","0.000","£0.0060","£0.00","£0.00","£0.00","£0.00","£0.00","£0.00","£0.00","0.000","0.000","0.000","£0.0012","£0.00","£0.00","£0.00","£0.00","£0.00","£0.00","£0.00","0.000","0.000","0.000","£0.0057","£0.00","£0.00","£0.00","£0.00","£0.00","£0.00","£0.00","0.000","0.000","0.000","£0.0006","£0.00","£0.00","£0.00","£0.00","£0.00","£0.00","£0.00","0.000","0.000","0.000","£0.0007","£0.00","£0.00","£0.00","£0.00","£0.00","£0.00","£0.00","£0.17","£0.01","£0.18","£0.10","£0.02","£0.04","£0.02","£0.60","£0.02","£0.63","£0.34","£0.08","£0.15","£0.06","£0.17","£0.01","£0.18","£0.10","£0.02","£0.04","£0.02","1.38683658%","£638.73","£25.55","£664.28","£359.03","£80.93","£161.21","£63.11","£742.79","£29.71","£772.50","£664.28","£96.98","£7.98","£3.26","£1437.59","1.38683658%","£377275.02","£15091.00","£392366.02","£212068.86","£47802.41","£95218.53","£37276.22","£0.00","£0.00","£0.00","£0.00","£0.00","£0.00","£0.00","£377275.02","£15091.00","£392366.02","£212068.86","£47802.41","£95218.53","£37276.22","£755932.34","£30237.29","£786169.63","£425161.47","£95782.82","£190606.45","£74618.89","-","-","-","-","-","-","-","-","-","-",
"200004","200005","Partial P2 L2 Ltd","","2","No","Yes","02","22-05-2025",,"-","139.349","0.000","139.349","0.000","139.349","-","£0.0046","£0.64","£0.03","£0.67","£0.36","£0.08","£0.16","£0.06","-","0.000","0.000","0.000","0.000","0.000","-","£0.0007","£0.00","£0.00","£0.00","£0.00","£0.00","£0.00","£0.00","-","0.000","0.000","0.000","0.000","0.000","0.000","-","£0.0053","£0.00","£0.00","£0.00","£0.00","£0.00","£0.00","£0.00","-","0.000","0.000","0.000","0.000","0.000","-","£0.0132","£0.00","£0.00","£0.00","£0.00","£0.00","£0.00","£0.00","-","0.000","0.000","0.000","0.000","0.000","-","£0.0049","£0.00","£0.00","£0.00","£0.00","£0.00","£0.00","£0.00","-","0.000","0.000","0.000","0.000","0.000","-","£0.0126","£0.00","£0.00","£0.00","£0.00","£0.00","£0.00","£0.00","-","0.000","0.000","0.000","0.000","0.000","-","£0.0081","£0.00","£0.00","£0.00","£0.00","£0.00","£0.00","£0.00","-","0.000","0.000","0.000","0.000","0.000","-","£0.0008","£0.00","£0.00","£0.00","£0.00","£0.00","£0.00","£0.00","£0.64","£0.03","£0.67","£0.36","£0.08","£0.16","£0.06","-","-","139.349","0.000","139.349","£0.0013","£0.18","£0.01","£0.19","£0.10","£0.02","£0.05","£0.02","0.000","0.000","0.000","£0.0004","£0.00","£0.00","£0.00","£0.00","£0.00","£0.00","£0.00","0.000","0.000","0.000","0.000","£0.0004","£0.00","£0.00","£0.00","£0.00","£0.00","£0.00","£0.00","0.000","0.000","0.000","£0.0060","£0.00","£0.00","£0.00","£0.00","£0.00","£0.00","£0.00","0.000","0.000","0.000","£0.0012","£0.00","£0.00","£0.00","£0.00","£0.00","£0.00","£0.00","0.000","0.000","0.000","£0.0057","£0.00","£0.00","£0.00","£0.00","£0.00","£0.00","£0.00","0.000","0.000","0.000","£0.0006","£0.00","£0.00","£0.00","£0.00","£0.00","£0.00","£0.00","0.000","0.000","0.000","£0.0007","£0.00","£0.00","£0.00","£0.00","£0.00","£0.00","£0.00","£0.18","£0.01","£0.19","£0.10","£0.02","£0.05","£0.02","£0.64","£0.03","£0.67","£0.36","£0.08","£0.16","£0.06","£0.18","£0.01","£0.19","£0.10","£0.02","£0.05","£0.02","1.47236877%","£678.12","£27.12","£705.25","£381.18","£85.92","£171.15","£67.00","£788.60","£31.54","£820.14","£705.25","£102.96","£8.47","£3.46","£1526.25","1.47236877%","£400543.20","£16021.73","£416564.93","£225148.06","£50750.59","£101091.07","£39575.21","£0.00","£0.00","£0.00","£0.00","£0.00","£0.00","£0.00","£400543.20","£16021.73","£416564.93","£225148.06","£50750.59","£101091.07","£39575.21","£802553.95","£32102.16","£834656.10","£451383.02","£101690.16","£202361.97","£79220.95","-","-","-","-","-","-","-","-","-","-",
"200006","","Partial P2 L1 Ltd","","1","No","Yes","02","01-04-2025",,"-","173.923","0.000","173.923","0.000","173.923","-","£0.0046","£0.80","£0.03","£0.83","£0.45","£0.10","£0.20","£0.08","-","0.000","0.000","0.000","0.000","0.000","-","£0.0007","£0.00","£0.00","£0.00","£0.00","£0.00","£0.00","£0.00","-","0.000","0.000","0.000","0.000","0.000","0.000","-","£0.0053","£0.00","£0.00","£0.00","£0.00","£0.00","£0.00","£0.00","-","0.000","0.000","0.000","0.000","0.000","-","£0.0132","£0.00","£0.00","£0.00","£0.00","£0.00","£0.00","£0.00","-","0.000","0.000","0.000","0.000","0.000","-","£0.0049","£0.00","£0.00","£0.00","£0.00","£0.00","£0.00","£0.00","-","0.000","0.000","0.000","0.000","0.000","-","£0.0126","£0.00","£0.00","£0.00","£0.00","£0.00","£0.00","£0.00","-","0.000","0.000","0.000","0.000","0.000","-","£0.0081","£0.00","£0.00","£0.00","£0.00","£0.00","£0.00","£0.00","-","0.000","0.000","0.000","0.000","0.000","-","£0.0008","£0.00","£0.00","£0.00","£0.00","£0.00","£0.00","£0.00","£0.80","£0.03","£0.83","£0.45","£0.10","£0.20","£0.08","0","","173.923","0.000","173.923","£0.0013","£0.23","£0.01","£0.24","£0.13","£0.03","£0.06","£0.02","0.000","0.000","0.000","£0.0004","£0.00","£0.00","£0.00","£0.00","£0.00","£0.00","£0.00","0.000","0.000","0.000","0.000","£0.0004","£0.00","£0.00","£0.00","£0.00","£0.00","£0.00","£0.00","0.000","0.000","0.000","£0.0060","£0.00","£0.00","£0.00","£0.00","£0.00","£0.00","£0.00","0.000","0.000","0.000","£0.0012","£0.00","£0.00","£0.00","£0.00","£0.00","£0.00","£0.00","0.000","0.000","0.000","£0.0057","£0.00","£0.00","£0.00","£0.00","£0.00","£0.00","£0.00","0.000","0.000","0.000","£0.0006","£0.00","£0.00","£0.00","£0.00","£0.00","£0.00","£0.00","0.000","0.000","0.000","£0.0007","£0.00","£0.00","£0.00","£0.00","£0.00","£0.00","£0.00","£0.23","£0.01","£0.24","£0.13","£0.03","£0.06","£0.02","£0.80","£0.03","£0.83","£0.45","£0.10","£0.20","£0.08","£0.23","£0.01","£0.24","£0.13","£0.03","£0.06","£0.02","1.83767945%","£846.37","£33.85","£880.23","£475.75","£107.24","£213.61","£83.62","£984.26","£39.37","£1023.63","£880.23","£128.51","£10.58","£4.32","£1904.93","1.83767945%","£499922.32","£19996.89","£519919.21","£281009.74","£63342.36","£126172.86","£49394.24","£0.00","£0.00","£0.00","£0.00","£0.00","£0.00","£0.00","£499922.32","£19996.89","£519919.21","£281009.74","£63342.36","£126172.86","£49394.24","£1001676.30","£40067.05","£1041743.35","£563376.04","£126920.60","£252570.17","£98876.53","-","-","-","-","-","-","-","-","INITIAL","£1041743.35",
"","","","","","","",,,"Totals","0.000","9464.273","0.000","9464.273","0.000","9464.273","0.000",,"£43.54","£1.74","£45.28","£24.47","£5.52","£10.99","£4.30","0.000","0.000","0.000","0.000","0.000","0.000","0.000",,"£0.00","£0.00","£0.00","£0.00","£0.00","£0.00","£0.00","0.000","0.000","0.000","0.000","0.000","0.000","0.000","0.000",,"£0.00","£0.00","£0.00","£0.00","£0.00","£0.00","£0.00","0.000","0.000","0.000","0.000","0.000","0.000","0.000",,"£0.00","£0.00","£0.00","£0.00","£0.00","£0.00","£0.00","0.000","0.000","0.000","0.000","0.000","0.000","0.000",,"£0.00","£0.00","£0.00","£0.00","£0.00","£0.00","£0.00","0.000","0.000","0.000","0.000","0.000","0.000","0.000",,"£0.00","£0.00","£0.00","£0.00","£0.00","£0.00","£0.00","0.000","0.000","0.000","0.000","0.000","0.000","0.000",,"£0.00","£0.00","£0.00","£0.00","£0.00","£0.00","£0.00","0.000","0.000","0.000","0.000","0.000","0.000","0.000",,"£0.00","£0.00","£0.00","£0.00","£0.00","£0.00","£0.00","£43.54","£1.74","£45.28","£24.47","£5.52","£10.99","£4.30",,,"9464.273","0.000","9464.273",,"£12.30","£0.49","£12.80","£6.92","£1.56","£3.11","£1.22","0.000","0.000","0.000",,"£0.00","£0.00","£0.00","£0.00","£0.00","£0.00","£0.00","0.000","0.000","0.000","0.000",,"£0.00","£0.00","£0.00","£0.00","£0.00","£0.00","£0.00","0.000","0.000","0.000",,"£0.00","£0.00","£0.00","£0.00","£0.00","£0.00","£0.00","0.000","0.000","0.000",,"£0.00","£0.00","£0.00","£0.00","£0.00","£0.00","£0.00","0.000","0.000","0.000",,"£0.00","£0.00","£0.00","£0.00","£0.00","£0.00","£0.00","0.000","0.000","0.000",,"£0.00","£0.00","£0.00","£0.00","£0.00","£0.00","£0.00","0.000","0.000","0.000",,"£0.00","£0.00","£0.00","£0.00","£0.00","£0.00","£0.00","£12.30","£0.49","£12.80","£6.92","£1.56","£3.11","£1.22","£43.54","£1.74","£45.28","£24.47","£5.52","£10.99","£4.30","£12.30","£0.49","£12.80","£6.92","£1.56","£3.11","£1.22","100.00000000%","£46056.63","£1842.27","£47898.90","£25888.75","£5835.58","£11624.00","£4550.57","£53560.00","£2142.40","£55702.40","£47898.90","£6992.93","£575.60","£234.98","£103659.37","100.00000000%","£27204000.00","£1088160.00","£28292160.00","£15291553.87","£3446866.65","£6865879.83","£2687859.65","£0.00","£0.00","£0.00","£0.00","£0.00","£0.00","£0.00","£27204000.00","£1088160.00","£28292160.00","£15291553.87","£3446866.65","£6865879.83","£2687859.65","£54507672.47","£2180306.90","£56687979.37","£30656926.76","£6906568.88","£13743973.36","£5380510.37","£0.00","","-","","","-","","","","£56687979.37",


Error Table
"Producer ID","Subsidiary ID","Producer / Subsidiary Name","Trading Name","Leaver Code","Error Code Text",
"400001","-","Missing reg Ltd - different submitter","-","","Missing Registration Data",
"500001","-","Error 1 Ltd","-","Some status code","Some error code",